timestamp,real_ambient_temp_median,real_ambient_temp_mean,background_count
2025-04-23 14:29:04,22.26661872863769,22.26661872863769,1
2025-04-23 14:29:34,22.703667640686035,22.703667640686035,2
2025-04-23 14:30:04,21.21241569519043,21.21241569519043,1
2025-04-23 14:30:34,21.41639709472656,21.41639709472656,1
2025-04-23 14:31:04,21.178009033203125,21.178009033203125,1
2025-04-23 14:31:34,21.27680969238281,21.27680969238281,1
2025-04-23 14:32:04,21.25925636291504,21.25925636291504,1
2025-04-23 14:32:34,21.22359085083008,21.22359085083008,1
2025-04-23 14:33:04,21.20672607421875,21.20672607421875,1
2025-04-23 14:33:34,21.223848342895508,21.223848342895508,1
2025-04-23 14:34:04,21.234888076782227,21.234888076782227,1
2025-04-23 14:34:34,21.085529327392575,21.085529327392575,1
2025-04-23 14:35:04,21.213069915771484,21.213069915771484,1
2025-04-23 14:35:34,21.028223037719727,21.028223037719727,1
2025-04-23 14:36:04,20.96369361877441,20.96369361877441,1
2025-04-23 14:36:34,21.048402786254883,21.048402786254883,1
2025-04-23 14:37:04,21.062931060791016,21.062931060791016,1
2025-04-23 14:37:34,21.170543670654297,21.170543670654297,1
2025-04-23 14:38:04,21.106788635253903,21.106788635253903,1
2025-04-23 14:38:34,21.0820426940918,21.0820426940918,1
2025-04-23 14:39:04,21.10389709472656,21.10389709472656,1
2025-04-23 14:39:34,21.15488815307617,21.15488815307617,1
2025-04-23 14:40:04,21.205684661865234,21.205684661865234,1
2025-04-23 14:40:34,21.102184295654297,21.102184295654297,1
2025-04-23 14:41:04,21.1369743347168,21.1369743347168,1
2025-04-23 14:41:34,21.123125076293945,21.123125076293945,1
2025-04-23 14:42:04,21.0914363861084,21.0914363861084,1
2025-04-23 14:42:34,21.08819580078125,21.08819580078125,1
2025-04-23 14:43:04,20.92920684814453,20.92920684814453,1
2025-04-23 14:43:34,20.8562126159668,20.8562126159668,1
2025-04-23 14:44:04,20.841819763183597,20.841819763183597,1
2025-04-23 14:44:34,20.82012176513672,20.82012176513672,1
2025-04-23 14:45:04,20.86265754699707,20.86265754699707,1
2025-04-23 14:45:34,20.82408142089844,20.82408142089844,1
2025-04-23 14:46:04,20.845626831054688,20.845626831054688,1
2025-04-23 14:46:34,20.85018920898437,20.85018920898437,1
2025-04-23 14:47:04,20.85972595214844,20.85972595214844,1
2025-04-23 14:47:34,20.87656021118164,20.87656021118164,1
2025-04-23 14:48:04,20.84173393249512,20.84173393249512,1
2025-04-23 14:48:34,20.873262405395508,20.873262405395508,1
2025-04-23 14:49:04,20.996997833251957,20.996997833251957,1
2025-04-23 14:49:34,21.06915664672852,21.06915664672852,1
2025-04-23 14:50:04,21.01450538635254,21.01450538635254,1
2025-04-23 14:50:34,21.10391998291016,21.10391998291016,1
2025-04-23 14:51:04,21.094127655029297,21.094127655029297,1
2025-04-23 14:51:34,20.99920654296875,20.99920654296875,1
2025-04-23 14:52:04,20.9316349029541,20.9316349029541,1
2025-04-23 14:52:34,20.923614501953125,20.923614501953125,1
2025-04-23 14:53:04,20.90069007873535,20.90069007873535,1
2025-04-23 14:53:34,20.85575294494629,20.85575294494629,1
2025-04-23 14:54:04,20.81941795349121,20.81941795349121,1
2025-04-23 14:54:34,20.74595832824707,20.74595832824707,1
2025-04-23 14:55:04,20.713041305541992,20.713041305541992,1
2025-04-23 14:55:34,20.73924827575684,20.73924827575684,1
2025-04-23 14:56:04,20.702680587768555,20.702680587768555,1
2025-04-23 14:56:34,20.813556671142575,20.813556671142575,1
2025-04-23 14:57:04,20.67672348022461,20.67672348022461,1
2025-04-23 14:57:34,20.699560165405277,20.699560165405277,1
2025-04-23 14:58:04,20.816673278808597,20.816673278808597,1
2025-04-23 14:58:34,20.77927017211914,20.77927017211914,1
2025-04-23 14:59:04,20.80600929260254,20.80600929260254,1
2025-04-23 14:59:34,20.75033187866211,20.75033187866211,1
2025-04-23 15:00:04,20.86867904663086,20.86867904663086,1
2025-04-23 15:00:34,20.867624282836918,20.867624282836918,1
2025-04-23 15:01:04,20.847631454467773,20.847631454467773,1
2025-04-23 15:01:34,20.844411849975582,20.844411849975582,1
2025-04-23 15:02:04,20.88744735717773,20.88744735717773,1
2025-04-23 15:02:34,20.83181571960449,20.83181571960449,1
2025-04-23 15:03:04,20.7088680267334,20.7088680267334,1
2025-04-23 15:03:34,20.762807846069336,20.762807846069336,1
2025-04-23 15:04:04,20.6640625,20.6640625,1
2025-04-23 15:04:34,20.72989845275879,20.72989845275879,1
2025-04-23 15:05:04,20.66995429992676,20.66995429992676,1
2025-04-23 15:05:34,20.633941650390625,20.633941650390625,1
2025-04-23 15:06:04,20.61006164550781,20.61006164550781,1
2025-04-23 15:06:34,20.68328857421875,20.68328857421875,1
2025-04-23 15:07:04,20.651979446411133,20.651979446411133,1
2025-04-23 15:07:34,20.550657272338867,20.550657272338867,1
2025-04-23 15:08:04,20.53277969360352,20.53277969360352,1
2025-04-23 15:08:34,20.587385177612305,20.587385177612305,1
2025-04-23 15:09:04,20.59202766418457,20.59202766418457,1
2025-04-23 15:09:34,20.60411262512207,20.60411262512207,1
2025-04-23 15:10:04,20.620851516723636,20.620851516723636,1
2025-04-23 15:10:34,20.65033721923828,20.65033721923828,1
2025-04-23 15:11:04,20.722211837768555,20.722211837768555,1
2025-04-23 15:11:34,20.73487091064453,20.73487091064453,1
2025-04-23 15:12:04,21.10481071472168,21.10481071472168,1
2025-04-23 15:12:34,20.78317070007324,20.78317070007324,1
2025-04-23 15:13:06,20.842012405395508,20.842012405395508,1
2025-04-23 15:13:34,20.834125518798828,20.834125518798828,1
2025-04-23 15:14:04,20.84729385375977,20.84729385375977,1
2025-04-23 15:14:34,20.96952247619629,20.96952247619629,1
2025-04-23 15:15:04,20.953357696533203,20.953357696533203,1
2025-04-23 15:15:34,20.905506134033203,20.905506134033203,1
2025-04-23 15:16:04,20.89557456970215,20.89557456970215,1
2025-04-23 15:16:34,20.960607528686523,20.960607528686523,1
2025-04-23 15:17:04,20.89136505126953,20.89136505126953,1
2025-04-23 15:17:34,20.78543281555176,20.78543281555176,1
2025-04-23 15:18:04,21.07850646972656,21.07850646972656,1
2025-04-23 15:18:34,20.98180389404297,20.98180389404297,1
2025-04-23 15:19:04,21.066455841064453,21.066455841064453,1
2025-04-23 15:19:34,21.08768653869629,21.08768653869629,1
2025-04-23 15:20:04,21.17283821105957,21.17283821105957,1
2025-04-23 15:20:34,21.256006240844727,21.256006240844727,1
2025-04-23 15:21:04,21.143239974975582,21.143239974975582,1
2025-04-23 15:21:34,21.254838943481445,21.254838943481445,1
2025-04-23 15:22:04,21.325084686279297,21.325084686279297,1
2025-04-23 15:22:34,21.326967239379883,21.326967239379883,1
2025-04-23 15:23:04,21.110708236694336,21.110708236694336,1
2025-04-23 15:23:34,21.191688537597656,21.191688537597656,1
2025-04-23 15:24:04,21.192325592041016,21.192325592041016,1
2025-04-23 15:24:34,21.15035820007324,21.15035820007324,1
2025-04-23 15:25:04,21.188364028930664,21.188364028930664,1
2025-04-23 15:26:04,21.14610481262207,21.14610481262207,1
2025-04-23 15:26:34,21.207195281982425,21.207195281982425,1
2025-04-23 15:27:04,21.0531005859375,21.0531005859375,1
2025-04-23 15:27:34,21.142562866210938,21.142562866210938,1
2025-04-23 15:28:04,21.11871910095215,21.11871910095215,1
2025-04-23 15:28:34,21.034868240356445,21.034868240356445,1
2025-04-23 15:29:04,20.949996948242188,20.949996948242188,1
2025-04-23 15:29:34,20.99061393737793,20.99061393737793,1
2025-04-23 15:30:04,21.255971908569336,21.255971908569336,1
2025-04-23 15:30:34,21.03013801574707,21.03013801574707,1
2025-04-23 15:31:04,21.03070068359375,21.03070068359375,1
2025-04-23 15:31:34,21.008533477783203,21.008533477783203,1
2025-04-23 15:32:04,21.033126831054688,21.033126831054688,1
2025-04-23 15:32:34,21.053863525390625,21.053863525390625,1
2025-04-23 15:33:04,21.06440544128418,21.06440544128418,1
2025-04-23 15:33:34,21.087432861328125,21.087432861328125,1
2025-04-23 15:34:04,21.107765197753903,21.107765197753903,1
2025-04-23 15:34:34,21.181232452392575,21.181232452392575,1
2025-04-23 15:35:04,21.15478134155273,21.15478134155273,1
2025-04-23 15:35:34,21.216779708862305,21.216779708862305,1
2025-04-23 15:36:04,21.11865234375,21.11865234375,1
2025-04-23 15:36:34,21.18768310546875,21.18768310546875,1
2025-04-23 15:37:04,21.219825744628903,21.219825744628903,1
2025-04-23 15:37:34,21.069318771362305,21.069318771362305,1
2025-04-23 15:38:04,20.97907829284668,20.97907829284668,1
2025-04-23 15:38:34,20.920944213867188,20.920944213867188,1
2025-04-23 15:39:04,21.00586700439453,21.00586700439453,1
2025-04-23 15:39:34,20.935121536254883,20.935121536254883,1
2025-04-23 15:40:04,20.883485794067383,20.883485794067383,1
2025-04-23 15:40:34,20.95004653930664,20.95004653930664,1
2025-04-23 15:41:04,21.0196590423584,21.0196590423584,1
2025-04-23 15:41:34,20.99786376953125,20.99786376953125,1
2025-04-23 15:42:04,21.053773880004883,21.053773880004883,1
2025-04-23 15:42:34,21.04236602783203,21.04236602783203,1
2025-04-23 15:43:04,21.0242862701416,21.0242862701416,1
2025-04-23 15:43:34,21.127227783203125,21.127227783203125,1
2025-04-23 15:44:04,21.121959686279297,21.121959686279297,1
2025-04-23 15:44:34,21.109712600708008,21.109712600708008,1
2025-04-23 15:45:04,21.00839614868164,21.00839614868164,1
2025-04-23 15:45:34,20.97134017944336,20.97134017944336,1
2025-04-23 15:46:04,21.01744842529297,21.01744842529297,1
2025-04-23 15:46:34,23.460987091064453,23.460987091064453,2
2025-04-23 15:47:04,21.623027801513672,21.623027801513672,1
2025-04-23 15:47:34,20.905839920043945,20.905839920043945,1
2025-04-23 15:48:04,21.004913330078125,21.004913330078125,1
2025-04-23 15:48:34,21.248729705810547,21.248729705810547,1
2025-04-23 15:49:04,20.793127059936523,20.793127059936523,1
2025-04-23 15:49:34,20.93583106994629,20.93583106994629,1
2025-04-23 15:50:04,20.711261749267575,20.711261749267575,1
2025-04-23 15:50:34,20.81441116333008,20.81441116333008,1
2025-04-23 15:51:04,20.865678787231445,20.865678787231445,1
2025-04-23 15:51:34,20.75978660583496,20.75978660583496,1
2025-04-23 15:52:04,20.771453857421875,20.771453857421875,1
2025-04-23 15:52:34,20.7503719329834,20.7503719329834,1
2025-04-23 15:53:04,20.75349235534668,20.75349235534668,1
2025-04-23 15:53:34,20.832773208618164,20.832773208618164,1
2025-04-23 15:54:04,20.695392608642575,20.695392608642575,1
2025-04-23 15:54:34,20.8195743560791,20.8195743560791,1
2025-04-23 15:55:04,20.780174255371094,20.780174255371094,1
2025-04-23 15:55:34,20.845645904541016,20.845645904541016,1
2025-04-23 15:56:04,20.89955139160156,20.89955139160156,1
2025-04-23 15:56:34,21.71799087524414,21.71799087524414,1
2025-04-23 15:57:04,20.853443145751957,20.853443145751957,1
2025-04-23 15:57:34,21.010990142822266,21.010990142822266,1
2025-04-23 15:58:04,20.91045379638672,20.91045379638672,1
2025-04-23 15:58:34,20.90851211547852,20.90851211547852,1
2025-04-23 15:59:04,20.8660888671875,20.8660888671875,1
2025-04-23 15:59:34,20.87223243713379,20.87223243713379,1
2025-04-23 16:00:04,20.929582595825195,20.929582595825195,1
2025-04-23 16:00:34,20.679407119750977,20.679407119750977,1
2025-04-23 16:01:04,20.90586471557617,20.90586471557617,1
2025-04-23 16:01:34,20.777929306030277,20.777929306030277,1
2025-04-23 16:02:04,20.698156356811523,20.698156356811523,1
2025-04-23 16:02:34,20.882761001586918,20.882761001586918,1
2025-04-23 16:03:04,20.795413970947266,20.795413970947266,1
2025-04-23 16:03:34,20.516307830810547,20.516307830810547,1
2025-04-23 16:04:04,20.6394157409668,20.6394157409668,1
2025-04-23 16:04:34,24.904638290405277,23.825894037882488,3
2025-04-23 16:05:04,20.59365463256836,20.59365463256836,1
2025-04-23 16:05:34,20.64891624450684,20.64891624450684,1
2025-04-23 16:06:04,20.592205047607425,20.592205047607425,1
2025-04-23 16:06:34,20.65660858154297,20.65660858154297,1
2025-04-23 16:07:04,20.610782623291016,20.610782623291016,1
2025-04-23 16:07:34,20.69996833801269,20.69996833801269,1
2025-04-23 16:08:04,20.72348403930664,20.72348403930664,1
2025-04-23 16:08:34,20.71970558166504,20.71970558166504,1
2025-04-23 16:09:04,20.778827667236328,20.778827667236328,1
2025-04-23 16:09:34,20.643674850463867,20.643674850463867,1
2025-04-23 16:10:04,20.58826065063477,20.58826065063477,1
2025-04-23 16:10:34,20.466087341308597,20.466087341308597,1
2025-04-23 16:11:04,20.51824951171875,20.51824951171875,1
2025-04-23 16:11:34,20.4573974609375,20.4573974609375,1
2025-04-23 16:12:04,20.47924041748047,20.47924041748047,1
2025-04-23 16:12:34,20.5048942565918,20.5048942565918,1
2025-04-23 16:13:04,20.511070251464844,20.511070251464844,1
2025-04-23 16:13:34,20.498443603515625,20.498443603515625,1
2025-04-23 16:14:04,20.488534927368164,20.488534927368164,1
2025-04-23 16:14:34,20.60383415222168,20.60383415222168,1
2025-04-23 16:15:04,20.651611328125,20.651611328125,1
2025-04-23 16:15:34,20.54043197631836,20.54043197631836,1
2025-04-23 16:16:04,20.56170082092285,20.56170082092285,1
2025-04-23 16:16:34,20.628395080566406,20.628395080566406,1
2025-04-23 16:17:04,20.6928825378418,20.6928825378418,1
2025-04-23 16:17:34,20.70111846923828,20.70111846923828,1
2025-04-23 16:18:04,20.692773818969727,20.692773818969727,1
2025-04-23 16:18:34,20.7238826751709,20.7238826751709,1
2025-04-23 16:19:04,20.737462997436523,20.737462997436523,1
2025-04-23 16:19:34,20.72245216369629,20.72245216369629,1
2025-04-23 16:20:04,20.730318069458008,20.730318069458008,1
2025-04-23 16:20:34,20.629846572875977,20.629846572875977,1
2025-04-23 16:21:04,20.694808959960938,20.694808959960938,1
2025-04-23 16:21:34,20.608945846557617,20.608945846557617,1
2025-04-23 16:22:04,20.57805633544922,20.57805633544922,1
2025-04-23 16:22:34,20.44714736938477,20.44714736938477,1
2025-04-23 16:23:04,20.48027801513672,20.48027801513672,1
2025-04-23 16:23:34,20.55768585205078,20.55768585205078,1
2025-04-23 16:24:04,20.447572708129883,20.447572708129883,1
2025-04-23 16:24:34,20.515361785888672,20.515361785888672,1
2025-04-23 16:25:04,20.55940055847168,20.55940055847168,1
2025-04-23 16:25:34,20.52180290222168,20.52180290222168,1
2025-04-23 16:26:04,20.522565841674805,20.522565841674805,1
2025-04-23 16:26:34,20.61969947814941,20.61969947814941,1
2025-04-23 16:27:04,20.634531021118164,20.634531021118164,1
2025-04-23 16:27:34,20.661027908325195,20.661027908325195,1
2025-04-23 16:28:04,20.68510055541992,20.68510055541992,1
2025-04-23 16:28:34,20.6698055267334,20.6698055267334,1
2025-04-23 16:29:04,20.719655990600582,20.719655990600582,1
2025-04-23 16:29:34,20.70183563232422,20.70183563232422,1
2025-04-23 16:30:04,20.70954322814941,20.70954322814941,1
2025-04-23 16:30:34,20.678232192993164,20.678232192993164,1
2025-04-23 16:31:04,20.685178756713867,20.685178756713867,1
2025-04-23 16:31:34,20.56319808959961,20.56319808959961,1
2025-04-23 16:32:04,20.47732353210449,20.47732353210449,1
2025-04-23 16:32:34,20.452747344970703,20.452747344970703,1
2025-04-23 16:33:04,20.467090606689453,20.467090606689453,1
2025-04-23 16:33:34,20.373201370239254,20.373201370239254,1
2025-04-23 16:34:04,20.356285095214844,20.356285095214844,1
2025-04-23 16:34:34,20.415699005126957,20.415699005126957,1
2025-04-23 16:35:04,20.355710983276367,20.355710983276367,1
2025-04-23 16:35:34,20.446369171142575,20.446369171142575,1
2025-04-23 16:36:04,20.447311401367188,20.447311401367188,1
2025-04-23 16:36:34,20.48365592956543,20.48365592956543,1
2025-04-23 16:37:04,20.554689407348636,20.554689407348636,1
2025-04-23 16:37:34,20.56748580932617,20.56748580932617,1
2025-04-23 16:38:04,20.558406829833984,20.558406829833984,1
2025-04-23 16:38:34,20.578554153442383,20.578554153442383,1
2025-04-23 16:39:04,20.61397933959961,20.61397933959961,1
2025-04-23 16:39:34,20.612062454223636,20.612062454223636,1
2025-04-23 16:40:04,20.646318435668945,20.646318435668945,1
2025-04-23 16:40:34,20.74180603027344,20.74180603027344,1
2025-04-23 16:41:04,20.76454734802246,20.76454734802246,1
2025-04-23 16:41:34,20.7019157409668,20.7019157409668,1
2025-04-23 16:42:04,20.6527156829834,20.6527156829834,1
2025-04-23 16:42:34,20.752830505371094,20.752830505371094,1
2025-04-23 16:43:04,20.63308334350586,20.63308334350586,1
2025-04-23 16:43:34,20.64823341369629,20.64823341369629,1
2025-04-23 16:44:04,20.5420036315918,20.5420036315918,1
2025-04-23 16:44:34,20.542978286743164,20.542978286743164,1
2025-04-23 16:45:04,20.52670669555664,20.52670669555664,1
2025-04-23 16:45:34,20.50859260559082,20.50859260559082,1
2025-04-23 16:46:04,20.34324836730957,20.34324836730957,1
2025-04-23 16:46:34,20.468955993652344,20.468955993652344,1
2025-04-23 16:47:04,20.528949737548828,20.528949737548828,1
2025-04-23 16:47:34,20.572689056396484,20.572689056396484,1
2025-04-23 16:48:04,20.51546287536621,20.51546287536621,1
2025-04-23 16:48:34,20.53992080688477,20.53992080688477,1
2025-04-23 16:49:04,20.70486068725586,20.70486068725586,1
2025-04-23 16:49:34,20.679662704467773,20.679662704467773,1
2025-04-23 16:50:04,20.598262786865234,20.598262786865234,1
2025-04-23 16:50:34,20.63899803161621,20.63899803161621,1
2025-04-23 16:51:04,20.606380462646484,20.606380462646484,1
2025-04-23 16:51:34,20.62652587890625,20.62652587890625,1
2025-04-23 16:52:04,20.62162208557129,20.62162208557129,1
2025-04-23 16:52:34,20.602481842041016,20.602481842041016,1
2025-04-23 16:53:04,20.603715896606445,20.603715896606445,1
2025-04-23 16:53:34,20.528125762939453,20.528125762939453,1
2025-04-23 16:54:04,20.59306907653809,20.59306907653809,1
2025-04-23 16:54:34,20.52384757995605,20.52384757995605,1
2025-04-23 16:55:04,20.548315048217773,20.548315048217773,1
2025-04-23 16:55:34,20.57383155822754,20.57383155822754,1
2025-04-23 16:56:04,20.711254119873047,20.711254119873047,1
2025-04-23 16:56:34,20.59756088256836,20.59756088256836,1
2025-04-23 16:57:04,20.614057540893555,20.614057540893555,1
2025-04-23 16:57:34,20.623537063598636,20.623537063598636,1
2025-04-23 16:58:04,20.634462356567383,20.634462356567383,1
2025-04-23 16:58:34,20.57575798034668,20.57575798034668,1
2025-04-23 16:59:04,20.56987762451172,20.56987762451172,1
2025-04-23 16:59:34,20.537113189697266,20.537113189697266,1
2025-04-23 17:00:04,20.565895080566406,20.565895080566406,1
2025-04-23 17:00:34,20.55046272277832,20.55046272277832,1
2025-04-23 17:01:04,20.570314407348636,20.570314407348636,1
2025-04-23 17:01:34,20.52362823486328,20.52362823486328,1
2025-04-23 17:02:04,20.599788665771484,20.599788665771484,1
2025-04-23 17:02:34,20.53493309020996,20.53493309020996,1
2025-04-23 17:03:04,20.6589412689209,20.6589412689209,1
2025-04-23 17:03:34,20.601694107055664,20.601694107055664,1
2025-04-23 17:04:04,20.613100051879883,20.613100051879883,1
2025-04-23 17:04:34,20.631237030029297,20.631237030029297,1
2025-04-23 17:05:04,20.67292594909668,20.67292594909668,1
2025-04-23 17:05:34,20.640281677246094,20.640281677246094,1
2025-04-23 17:06:04,20.6364688873291,20.6364688873291,1
2025-04-23 17:06:34,20.624755859375,20.624755859375,1
2025-04-23 17:07:04,20.592531204223636,20.592531204223636,1
2025-04-23 17:07:34,20.587486267089844,20.587486267089844,1
2025-04-23 17:08:04,20.577600479125977,20.577600479125977,1
2025-04-23 17:08:34,20.585329055786133,20.585329055786133,1
2025-04-23 17:09:04,20.462305068969727,20.462305068969727,1
2025-04-23 17:09:34,20.556039810180664,20.556039810180664,1
2025-04-23 17:10:04,20.484769821166992,20.484769821166992,1
2025-04-23 17:10:34,20.49150848388672,20.49150848388672,1
2025-04-23 17:11:04,20.565092086791992,20.565092086791992,1
2025-04-23 17:11:34,20.58245086669922,20.58245086669922,1
2025-04-23 17:12:04,20.58701705932617,20.58701705932617,1
2025-04-23 17:12:34,20.56377410888672,20.56377410888672,1
2025-04-23 17:13:04,20.61330986022949,20.61330986022949,1
2025-04-23 17:13:34,20.56292152404785,20.56292152404785,1
2025-04-23 17:14:04,20.548967361450195,20.548967361450195,1
2025-04-23 17:14:34,20.568382263183597,20.568382263183597,1
2025-04-23 17:15:04,20.54801368713379,20.54801368713379,1
2025-04-23 17:15:34,20.55398941040039,20.55398941040039,1
2025-04-23 17:16:04,20.563459396362305,20.563459396362305,1
2025-04-23 17:16:34,20.56977081298828,20.56977081298828,1
2025-04-23 17:17:04,20.52290153503418,20.52290153503418,1
2025-04-23 17:17:34,20.529083251953125,20.529083251953125,1
2025-04-23 17:18:04,20.54166984558105,20.54166984558105,1
2025-04-23 17:18:34,20.53009033203125,20.53009033203125,1
2025-04-23 17:19:04,20.47492790222168,20.47492790222168,1
2025-04-23 17:19:34,20.55414390563965,20.55414390563965,1
2025-04-23 17:20:04,20.55793190002441,20.55793190002441,1
2025-04-23 17:20:34,21.24660873413086,21.24660873413086,1
2025-04-23 17:21:04,21.2365665435791,21.2365665435791,1
2025-04-23 17:21:34,20.936681747436523,20.936681747436523,1
2025-04-23 17:22:04,21.35390281677246,21.35390281677246,1
2025-04-23 17:22:34,20.8863525390625,20.8863525390625,1
2025-04-23 17:23:04,20.637008666992188,20.637008666992188,1
2025-04-23 17:23:34,20.635406494140625,20.635406494140625,1
2025-04-23 17:24:04,21.853599548339844,21.853599548339844,1
2025-04-23 17:24:34,20.647686004638672,20.647686004638672,1
2025-04-23 17:25:04,20.657676696777344,20.657676696777344,1
2025-04-23 17:25:34,20.65682411193848,20.65682411193848,1
2025-04-23 17:26:04,20.6680850982666,20.6680850982666,1
2025-04-23 17:26:34,20.643695831298828,20.643695831298828,1
2025-04-23 17:27:04,20.692785263061523,20.692785263061523,1
2025-04-23 17:27:34,20.63818359375,20.63818359375,1
2025-04-23 17:28:04,20.590707778930664,20.590707778930664,1
2025-04-23 17:28:34,20.66381072998047,20.66381072998047,1
2025-04-23 17:29:04,20.92340850830078,20.92340850830078,1
2025-04-23 17:29:34,21.09103775024414,21.09103775024414,1
2025-04-23 17:30:04,21.08877182006836,21.08877182006836,1
2025-04-23 17:30:34,21.034500122070312,21.034500122070312,1
2025-04-23 17:31:04,23.690685272216797,23.690685272216797,2
2025-04-23 17:31:34,20.993803024291992,20.993803024291992,1
2025-04-23 17:32:04,21.16120338439941,21.16120338439941,1
2025-04-23 17:32:34,21.18111991882324,21.18111991882324,1
2025-04-23 17:33:04,23.837743759155273,23.837743759155273,2
2025-04-23 17:33:34,21.15068244934082,21.15068244934082,1
2025-04-23 17:34:06,21.16773223876953,21.16773223876953,1
2025-04-23 17:34:34,21.224632263183597,21.224632263183597,1
2025-04-23 17:35:04,21.078218460083008,21.078218460083008,1
2025-04-23 17:35:34,21.510887145996094,21.510887145996094,1
2025-04-23 17:36:04,20.78781509399414,20.78781509399414,1
2025-04-23 17:36:34,21.063840866088867,21.063840866088867,1
2025-04-23 17:37:04,21.20024681091309,21.20024681091309,1
2025-04-23 17:37:34,24.166446685791016,23.82599131266276,3
2025-04-23 17:38:04,20.978553771972656,20.978553771972656,1
2025-04-23 17:38:34,20.99904441833496,20.99904441833496,1
2025-04-23 17:39:04,20.79756736755371,20.79756736755371,1
2025-04-23 17:39:34,20.69720458984375,20.69720458984375,1
2025-04-23 17:40:04,20.69876289367676,20.69876289367676,1
2025-04-23 17:40:34,20.875612258911133,20.875612258911133,1
2025-04-23 17:41:04,20.842870712280277,20.842870712280277,1
2025-04-23 17:41:34,20.800933837890625,20.800933837890625,1
2025-04-23 17:42:04,20.747249603271484,20.747249603271484,1
2025-04-23 17:42:34,21.467079162597656,21.467079162597656,1
2025-04-23 17:43:04,21.231958389282227,21.231958389282227,1
2025-04-23 17:43:34,21.533527374267575,21.533527374267575,1
2025-04-23 17:44:04,20.95567321777344,20.95567321777344,1
2025-04-23 17:44:34,21.068254470825195,21.068254470825195,1
2025-04-23 17:45:04,20.693756103515625,20.693756103515625,1
2025-04-23 17:45:34,20.75867080688477,20.75867080688477,1
2025-04-23 17:46:04,20.7959041595459,20.7959041595459,1
2025-04-23 17:46:34,20.93342018127441,20.93342018127441,1
2025-04-23 17:47:04,21.07570457458496,21.07570457458496,1
2025-04-23 17:47:34,20.816490173339844,20.816490173339844,1
2025-04-23 17:48:04,20.98886108398437,20.98886108398437,1
2025-04-23 17:48:34,21.29867172241211,21.29867172241211,1
2025-04-23 17:49:04,24.032915115356445,24.032915115356445,2
2025-04-23 17:49:34,23.898393630981445,23.898393630981445,2
2025-04-23 17:50:04,27.08183479309082,25.698893229166668,3
2025-04-23 17:50:34,23.855703353881836,23.855703353881836,2
2025-04-23 17:51:04,21.18416786193848,21.18416786193848,1
2025-04-23 17:51:34,21.17436790466309,21.17436790466309,1
2025-04-23 17:52:04,23.56555461883545,23.56555461883545,2
2025-04-23 17:52:34,21.12571144104004,21.12571144104004,1
2025-04-23 17:53:04,23.817955017089844,23.817955017089844,2
2025-04-23 17:53:34,21.176271438598636,21.176271438598636,1
2025-04-23 17:54:04,21.20953750610352,21.20953750610352,1
2025-04-23 17:54:34,21.24584197998047,21.24584197998047,1
2025-04-23 17:55:04,21.64134979248047,21.64134979248047,1
2025-04-23 17:55:34,21.66847038269043,21.66847038269043,1
2025-04-23 17:56:04,23.671250343322757,23.671250343322757,2
2025-04-23 17:56:34,21.1850643157959,21.1850643157959,1
2025-04-23 17:57:04,21.23371315002441,21.23371315002441,1
2025-04-23 17:57:34,21.25141143798828,21.25141143798828,1
2025-04-23 17:58:04,21.20204734802246,21.20204734802246,1
2025-04-23 17:58:34,21.085613250732425,21.085613250732425,1
2025-04-23 17:59:04,21.142635345458984,21.142635345458984,1
2025-04-23 17:59:34,21.13814163208008,21.13814163208008,1
2025-04-23 18:00:04,21.145830154418945,21.145830154418945,1
2025-04-23 18:00:34,20.87698745727539,20.87698745727539,1
2025-04-23 18:01:04,21.161191940307617,21.161191940307617,1
2025-04-23 18:01:34,20.98366928100586,20.98366928100586,1
2025-04-23 18:02:04,20.70272254943848,20.70272254943848,1
2025-04-23 18:02:34,20.71937370300293,20.71937370300293,1
2025-04-23 18:03:04,20.713621139526367,20.713621139526367,1
2025-04-23 18:03:34,20.6657772064209,20.6657772064209,1
2025-04-23 18:04:04,20.67603302001953,20.67603302001953,1
2025-04-23 18:04:34,20.69087791442871,20.69087791442871,1
2025-04-23 18:05:04,20.678926467895508,20.678926467895508,1
2025-04-23 18:05:34,20.693613052368164,20.693613052368164,1
2025-04-23 18:06:04,20.60376739501953,20.60376739501953,1
2025-04-23 18:06:34,20.62118148803711,20.62118148803711,1
2025-04-23 18:07:04,20.731861114501957,20.731861114501957,1
2025-04-23 18:07:34,20.671287536621094,20.671287536621094,1
2025-04-23 18:08:04,20.607759475708008,20.607759475708008,1
2025-04-23 18:08:34,21.13995742797852,21.13995742797852,1
2025-04-23 18:09:04,20.99734306335449,20.99734306335449,1
2025-04-23 18:09:34,20.766571044921875,20.766571044921875,1
2025-04-23 18:10:04,20.656658172607425,20.656658172607425,1
2025-04-23 18:10:34,20.678998947143555,20.678998947143555,1
2025-04-23 18:11:04,20.966110229492188,20.966110229492188,1
2025-04-23 18:11:34,20.61642265319824,20.61642265319824,1
2025-04-23 18:12:04,20.98810577392578,20.98810577392578,1
2025-04-23 18:12:34,21.121315002441406,21.121315002441406,1
2025-04-23 18:13:04,20.95491981506348,20.95491981506348,1
2025-04-23 18:13:34,20.509552001953125,20.509552001953125,1
2025-04-23 18:14:04,20.784996032714844,20.784996032714844,1
2025-04-23 18:14:34,21.33988380432129,21.33988380432129,1
2025-04-23 18:15:04,20.4642333984375,20.4642333984375,1
2025-04-23 18:15:34,20.87925720214844,20.87925720214844,1
2025-04-23 18:16:04,20.698789596557617,20.698789596557617,1
2025-04-23 18:16:34,20.80742454528809,20.80742454528809,1
2025-04-23 18:17:04,20.87415313720703,20.87415313720703,1
2025-04-23 18:17:34,20.75886344909668,20.75886344909668,1
2025-04-23 18:18:04,20.793346405029297,20.793346405029297,1
2025-04-23 18:18:34,21.15256690979004,21.15256690979004,1
2025-04-23 18:19:04,20.97343063354492,20.97343063354492,1
2025-04-23 18:19:34,20.40214157104492,20.40214157104492,1
2025-04-23 18:20:04,21.309762954711918,21.309762954711918,1
2025-04-23 18:20:34,20.601036071777344,20.601036071777344,1
2025-04-23 18:21:04,20.467023849487305,20.467023849487305,1
2025-04-23 18:21:34,20.51255226135254,20.51255226135254,1
2025-04-23 18:22:04,20.591264724731445,20.591264724731445,1
2025-04-23 18:22:34,20.57864761352539,20.57864761352539,1
2025-04-23 18:23:04,20.53619384765625,20.53619384765625,1
2025-04-23 18:23:34,20.535961151123047,20.535961151123047,1
2025-04-23 18:24:04,20.55492782592773,20.55492782592773,1
2025-04-23 18:24:34,20.56016540527344,20.56016540527344,1
2025-04-23 18:25:04,20.57366943359375,20.57366943359375,1
2025-04-23 18:25:34,20.56825256347656,20.56825256347656,1
2025-04-23 18:26:04,20.565614700317383,20.565614700317383,1
2025-04-23 18:26:34,20.51786994934082,20.51786994934082,1
2025-04-23 18:27:04,20.463010787963867,20.463010787963867,1
2025-04-23 18:27:34,20.54634094238281,20.54634094238281,1
2025-04-23 18:28:04,20.585731506347656,20.585731506347656,1
2025-04-23 18:28:34,20.54834747314453,20.54834747314453,1
2025-04-23 18:29:04,20.57161521911621,20.57161521911621,1
2025-04-23 18:29:36,20.559797286987305,20.559797286987305,1
2025-04-23 18:30:04,20.51779556274414,20.51779556274414,1
2025-04-23 18:30:34,20.506086349487305,20.506086349487305,1
2025-04-23 18:31:04,20.43985939025879,20.43985939025879,1
2025-04-23 18:31:34,20.55817031860352,20.55817031860352,1
2025-04-23 18:32:04,20.554418563842773,20.554418563842773,1
2025-04-23 18:32:34,20.574302673339844,20.574302673339844,1
2025-04-23 18:33:04,20.531681060791016,20.531681060791016,1
2025-04-23 18:33:34,20.54652214050293,20.54652214050293,1
2025-04-23 18:34:04,20.64713478088379,20.64713478088379,1
2025-04-23 18:34:34,20.61341667175293,20.61341667175293,1
2025-04-23 18:35:04,20.56658363342285,20.56658363342285,1
2025-04-23 18:35:34,20.652603149414062,20.652603149414062,1
2025-04-23 18:36:04,20.649093627929688,20.649093627929688,1
2025-04-23 18:36:34,20.63197326660156,20.63197326660156,1
2025-04-23 18:37:04,20.637357711791992,20.637357711791992,1
2025-04-23 18:37:34,20.6406192779541,20.6406192779541,1
2025-04-23 18:38:04,20.56422996520996,20.56422996520996,1
2025-04-23 18:38:34,20.533203125,20.533203125,1
2025-04-23 18:39:04,20.52975273132324,20.52975273132324,1
2025-04-23 18:39:34,20.579805374145508,20.579805374145508,1
2025-04-23 18:40:04,20.5535945892334,20.5535945892334,1
2025-04-23 18:40:34,20.56190490722656,20.56190490722656,1
2025-04-23 18:41:04,20.62519073486328,20.62519073486328,1
2025-04-23 18:41:34,20.560665130615234,20.560665130615234,1
2025-04-23 18:42:04,20.633174896240234,20.633174896240234,1
2025-04-23 18:42:34,20.519981384277344,20.519981384277344,1
2025-04-23 18:43:04,20.550800323486328,20.550800323486328,1
2025-04-23 18:43:34,20.617938995361328,20.617938995361328,1
2025-04-23 18:44:04,20.64761734008789,20.64761734008789,1
2025-04-23 18:44:34,20.65262031555176,20.65262031555176,1
2025-04-23 18:45:04,20.65030860900879,20.65030860900879,1
2025-04-23 18:45:34,20.52764320373535,20.52764320373535,1
2025-04-23 18:46:04,20.65810203552246,20.65810203552246,1
2025-04-23 18:46:34,20.65300750732422,20.65300750732422,1
2025-04-23 18:47:04,20.542356491088867,20.542356491088867,1
2025-04-23 18:47:34,20.58870506286621,20.58870506286621,1
2025-04-23 18:48:04,20.648117065429688,20.648117065429688,1
2025-04-23 18:48:34,20.623682022094727,20.623682022094727,1
2025-04-23 18:49:04,20.67305564880371,20.67305564880371,1
2025-04-23 18:49:34,20.669321060180664,20.669321060180664,1
2025-04-23 18:50:04,20.579988479614254,20.579988479614254,1
2025-04-23 18:50:34,20.674360275268555,20.674360275268555,1
2025-04-23 18:51:04,20.561298370361328,20.561298370361328,1
2025-04-23 18:51:34,20.54880714416504,20.54880714416504,1
2025-04-23 18:52:04,20.622089385986328,20.622089385986328,1
2025-04-23 18:52:34,20.556406021118164,20.556406021118164,1
2025-04-23 18:53:04,20.634746551513672,20.634746551513672,1
2025-04-23 18:53:34,20.53211212158203,20.53211212158203,1
2025-04-23 18:54:04,20.58722877502441,20.58722877502441,1
2025-04-23 18:54:34,20.533634185791016,20.533634185791016,1
2025-04-23 18:55:04,20.409500122070312,20.409500122070312,1
2025-04-23 18:55:34,20.398103713989254,20.398103713989254,1
2025-04-23 18:56:04,20.39901351928711,20.39901351928711,1
2025-04-23 18:56:34,20.35348129272461,20.35348129272461,1
2025-04-23 18:57:04,20.459423065185547,20.459423065185547,1
2025-04-23 18:57:34,20.305084228515625,20.305084228515625,1
2025-04-23 18:58:04,20.37854766845703,20.37854766845703,1
2025-04-23 18:58:34,20.2750244140625,20.2750244140625,1
2025-04-23 18:59:04,20.261009216308597,20.261009216308597,1
2025-04-23 18:59:34,20.259660720825195,20.259660720825195,1
2025-04-23 19:00:04,20.268085479736328,20.268085479736328,1
2025-04-23 19:00:34,20.417957305908203,20.417957305908203,1
2025-04-23 19:01:04,20.240631103515625,20.240631103515625,1
2025-04-23 19:01:34,20.388256072998047,20.388256072998047,1
2025-04-23 19:02:04,20.433395385742188,20.433395385742188,1
2025-04-23 19:02:34,20.56161117553711,20.56161117553711,1
2025-04-23 19:03:04,20.466154098510746,20.466154098510746,1
2025-04-23 19:03:34,20.50067901611328,20.50067901611328,1
2025-04-23 19:04:04,20.49558448791504,20.49558448791504,1
2025-04-23 19:04:34,20.43288993835449,20.43288993835449,1
2025-04-23 19:05:04,20.40484046936035,20.40484046936035,1
2025-04-23 19:05:34,20.48950958251953,20.48950958251953,1
2025-04-23 19:06:04,20.36945152282715,20.36945152282715,1
2025-04-23 19:06:34,20.394367218017575,20.394367218017575,1
2025-04-23 19:07:04,20.46512031555176,20.46512031555176,1
2025-04-23 19:07:34,20.427244186401367,20.427244186401367,1
2025-04-23 19:08:04,20.600811004638672,20.600811004638672,1
2025-04-23 19:08:34,20.51380920410156,20.51380920410156,1
2025-04-23 19:09:04,20.49115562438965,20.49115562438965,1
2025-04-23 19:09:34,20.596168518066406,20.596168518066406,1
2025-04-23 19:10:04,20.49661636352539,20.49661636352539,1
2025-04-23 19:10:34,20.618581771850582,20.618581771850582,1
2025-04-23 19:11:04,20.60118103027344,20.60118103027344,1
2025-04-23 19:11:34,20.483198165893555,20.483198165893555,1
2025-04-23 19:12:04,20.3682861328125,20.3682861328125,1
2025-04-23 19:12:34,20.392906188964844,20.392906188964844,1
2025-04-23 19:13:04,20.33269500732422,20.33269500732422,1
2025-04-23 19:13:34,20.34676170349121,20.34676170349121,1
2025-04-23 19:14:04,20.42642974853516,20.42642974853516,1
2025-04-23 19:14:34,20.338319778442383,20.338319778442383,1
2025-04-23 19:15:04,20.42768859863281,20.42768859863281,1
2025-04-23 19:15:34,20.328147888183597,20.328147888183597,1
2025-04-23 19:16:04,20.299184799194336,20.299184799194336,1
2025-04-23 19:16:34,20.31319236755371,20.31319236755371,1
2025-04-23 19:17:04,20.400341033935547,20.400341033935547,1
2025-04-23 19:17:34,20.39468002319336,20.39468002319336,1
2025-04-23 19:18:04,20.31183624267578,20.31183624267578,1
2025-04-23 19:18:34,20.34405517578125,20.34405517578125,1
2025-04-23 19:19:04,20.50545692443848,20.50545692443848,1
2025-04-23 19:19:34,20.47864151000977,20.47864151000977,1
2025-04-23 19:20:04,20.540817260742188,20.540817260742188,1
2025-04-23 19:20:34,20.494007110595703,20.494007110595703,1
2025-04-23 19:21:04,20.48369789123535,20.48369789123535,1
2025-04-23 19:21:34,20.556331634521484,20.556331634521484,1
2025-04-23 19:22:04,20.631406784057617,20.631406784057617,1
2025-04-23 19:22:34,20.525775909423828,20.525775909423828,1
2025-04-23 19:23:04,20.48006820678711,20.48006820678711,1
2025-04-23 19:23:34,20.525672912597656,20.525672912597656,1
2025-04-23 19:24:04,20.50275611877441,20.50275611877441,1
2025-04-23 19:24:34,20.51261329650879,20.51261329650879,1
2025-04-23 19:25:04,20.5041618347168,20.5041618347168,1
2025-04-23 19:25:34,20.50922966003418,20.50922966003418,1
2025-04-23 19:26:04,20.54133415222168,20.54133415222168,1
2025-04-23 19:26:34,20.51445198059082,20.51445198059082,1
2025-04-23 19:27:04,20.394886016845703,20.394886016845703,1
2025-04-23 19:27:34,20.53570556640625,20.53570556640625,1
2025-04-23 19:28:04,20.515329360961918,20.515329360961918,1
2025-04-23 19:28:34,20.40116500854492,20.40116500854492,1
2025-04-23 19:29:04,20.495264053344727,20.495264053344727,1
2025-04-23 19:29:34,20.4108829498291,20.4108829498291,1
2025-04-23 19:30:04,20.527687072753903,20.527687072753903,1
2025-04-23 19:30:34,20.511394500732425,20.511394500732425,1
2025-04-23 19:31:04,20.498868942260746,20.498868942260746,1
2025-04-23 19:31:34,20.58170509338379,20.58170509338379,1
2025-04-23 19:32:04,20.427417755126957,20.427417755126957,1
2025-04-23 19:32:34,20.521730422973636,20.521730422973636,1
2025-04-23 19:33:04,20.50746726989746,20.50746726989746,1
2025-04-23 19:33:34,20.52067375183105,20.52067375183105,1
2025-04-23 19:34:04,20.45329475402832,20.45329475402832,1
2025-04-23 19:34:34,20.44551086425781,20.44551086425781,1
2025-04-23 19:35:04,20.520341873168945,20.520341873168945,1
2025-04-23 19:35:34,20.519947052001957,20.519947052001957,1
2025-04-23 19:36:04,20.529935836791992,20.529935836791992,1
2025-04-23 19:36:34,20.53177261352539,20.53177261352539,1
2025-04-23 19:37:04,20.511608123779297,20.511608123779297,1
2025-04-23 19:37:34,20.49732780456543,20.49732780456543,1
2025-04-23 19:38:04,20.493144989013672,20.493144989013672,1
2025-04-23 19:38:34,20.498624801635746,20.498624801635746,1
2025-04-23 19:39:04,20.51202964782715,20.51202964782715,1
2025-04-23 19:39:34,20.603099822998047,20.603099822998047,1
2025-04-23 19:40:04,20.61026382446289,20.61026382446289,1
2025-04-23 19:40:34,20.60099220275879,20.60099220275879,1
2025-04-23 19:41:04,20.60277938842773,20.60277938842773,1
2025-04-23 19:41:34,20.59201431274414,20.59201431274414,1
2025-04-23 19:42:04,20.614652633666992,20.614652633666992,1
2025-04-23 19:42:34,20.609474182128903,20.609474182128903,1
2025-04-23 19:43:04,20.57106208801269,20.57106208801269,1
2025-04-23 19:43:34,20.59921646118164,20.59921646118164,1
2025-04-23 19:44:04,20.599510192871094,20.599510192871094,1
2025-04-23 19:44:34,20.62342643737793,20.62342643737793,1
2025-04-23 19:45:04,20.656591415405277,20.656591415405277,1
2025-04-23 19:45:34,20.59202003479004,20.59202003479004,1
2025-04-23 19:46:04,20.628721237182617,20.628721237182617,1
2025-04-23 19:46:34,20.570924758911133,20.570924758911133,1
2025-04-23 19:47:04,20.639204025268555,20.639204025268555,1
2025-04-23 19:47:34,20.62790298461914,20.62790298461914,1
2025-04-23 19:48:04,20.634370803833008,20.634370803833008,1
2025-04-23 19:48:34,20.513477325439453,20.513477325439453,1
2025-04-23 19:49:04,20.58618927001953,20.58618927001953,1
2025-04-23 19:49:34,20.53205108642578,20.53205108642578,1
2025-04-23 19:50:04,20.60186004638672,20.60186004638672,1
2025-04-23 19:50:34,20.59883499145508,20.59883499145508,1
2025-04-23 19:51:04,20.61261558532715,20.61261558532715,1
2025-04-23 19:51:34,20.623655319213867,20.623655319213867,1
2025-04-23 19:52:04,20.652862548828125,20.652862548828125,1
2025-04-23 19:52:34,20.601179122924805,20.601179122924805,1
2025-04-23 19:53:04,20.50711250305176,20.50711250305176,1
2025-04-23 19:53:34,20.353708267211918,20.353708267211918,1
2025-04-23 19:54:04,20.387157440185547,20.387157440185547,1
2025-04-23 19:54:34,20.271015167236328,20.271015167236328,1
2025-04-23 19:55:04,20.319067001342773,20.319067001342773,1
2025-04-23 19:55:34,20.22587203979492,20.22587203979492,1
2025-04-23 19:56:04,20.28248405456543,20.28248405456543,1
2025-04-23 19:56:34,20.256458282470703,20.256458282470703,1
2025-04-23 19:57:04,20.30133819580078,20.30133819580078,1
2025-04-23 19:57:34,20.233198165893555,20.233198165893555,1
2025-04-23 19:58:04,20.242843627929688,20.242843627929688,1
2025-04-23 19:58:34,20.25003433227539,20.25003433227539,1
2025-04-23 19:59:04,20.277517318725582,20.277517318725582,1
2025-04-23 19:59:34,20.3154239654541,20.3154239654541,1
2025-04-23 20:00:04,20.35976791381836,20.35976791381836,1
2025-04-23 20:00:34,20.39378929138184,20.39378929138184,1
2025-04-23 20:01:04,20.398515701293945,20.398515701293945,1
2025-04-23 20:01:34,20.53567886352539,20.53567886352539,1
2025-04-23 20:02:04,20.481164932250977,20.481164932250977,1
2025-04-23 20:02:34,20.48507308959961,20.48507308959961,1
2025-04-23 20:03:04,20.51618194580078,20.51618194580078,1
2025-04-23 20:03:34,20.4940185546875,20.4940185546875,1
2025-04-23 20:04:04,20.42142868041992,20.42142868041992,1
2025-04-23 20:04:34,20.429201126098636,20.429201126098636,1
2025-04-23 20:05:04,20.54119300842285,20.54119300842285,1
2025-04-23 20:05:34,20.517520904541016,20.517520904541016,1
2025-04-23 20:06:04,20.47618865966797,20.47618865966797,1
2025-04-23 20:06:34,20.4066104888916,20.4066104888916,1
2025-04-23 20:07:04,20.54624366760254,20.54624366760254,1
2025-04-23 20:07:34,20.466672897338867,20.466672897338867,1
2025-04-23 20:08:04,20.523653030395508,20.523653030395508,1
2025-04-23 20:08:34,20.43328666687012,20.43328666687012,1
2025-04-23 20:09:04,20.362306594848636,20.362306594848636,1
2025-04-23 20:09:34,20.357236862182617,20.357236862182617,1
2025-04-23 20:10:04,20.40057373046875,20.40057373046875,1
2025-04-23 20:10:34,20.372482299804688,20.372482299804688,1
2025-04-23 20:11:04,20.362525939941406,20.362525939941406,1
2025-04-23 20:11:34,20.31719398498535,20.31719398498535,1
2025-04-23 20:12:04,20.437442779541016,20.437442779541016,1
2025-04-23 20:12:34,20.425439834594727,20.425439834594727,1
2025-04-23 20:13:04,20.44061088562012,20.44061088562012,1
2025-04-23 20:13:34,20.444923400878903,20.444923400878903,1
2025-04-23 20:14:04,20.430273056030277,20.430273056030277,1
2025-04-23 20:14:34,20.410852432250977,20.410852432250977,1
2025-04-23 20:15:04,20.421037673950195,20.421037673950195,1
2025-04-23 20:15:34,20.438232421875,20.438232421875,1
2025-04-23 20:16:04,20.457883834838867,20.457883834838867,1
2025-04-23 20:16:34,20.416858673095703,20.416858673095703,1
2025-04-23 20:17:04,20.44226455688477,20.44226455688477,1
2025-04-23 20:17:34,20.44601058959961,20.44601058959961,1
2025-04-23 20:18:04,20.43107795715332,20.43107795715332,1
2025-04-23 20:18:34,20.450143814086918,20.450143814086918,1
2025-04-23 20:19:04,20.455427169799805,20.455427169799805,1
2025-04-23 20:19:34,20.46466636657715,20.46466636657715,1
2025-04-23 20:20:04,20.46681022644043,20.46681022644043,1
2025-04-23 20:20:34,20.454744338989254,20.454744338989254,1
2025-04-23 20:21:04,20.462127685546875,20.462127685546875,1
2025-04-23 20:21:34,20.450660705566406,20.450660705566406,1
2025-04-23 20:22:04,20.439353942871094,20.439353942871094,1
2025-04-23 20:22:34,20.482391357421875,20.482391357421875,1
2025-04-23 20:23:04,20.46003532409668,20.46003532409668,1
2025-04-23 20:23:34,20.452980041503903,20.452980041503903,1
2025-04-23 20:24:04,20.465576171875,20.465576171875,1
2025-04-23 20:24:34,20.457950592041016,20.457950592041016,1
2025-04-23 20:25:04,20.46862030029297,20.46862030029297,1
2025-04-23 20:25:34,20.441251754760746,20.441251754760746,1
2025-04-23 20:26:04,20.52129173278809,20.52129173278809,1
2025-04-23 20:26:34,20.54032325744629,20.54032325744629,1
2025-04-23 20:27:04,20.49700736999512,20.49700736999512,1
2025-04-23 20:27:34,20.507143020629883,20.507143020629883,1
2025-04-23 20:28:04,20.506147384643555,20.506147384643555,1
2025-04-23 20:28:34,20.50706672668457,20.50706672668457,1
