room_avg_temp,room_max_temp,room_min_temp,room_std_temp,room_avg_speed,room_max_speed,machine_machine_1_box_temp,machine_machine_1_surround_temp,machine_machine_2_box_temp,machine_machine_2_surround_temp,machine_machine_3_box_temp,machine_machine_3_surround_temp,machine_machine_4_box_temp,machine_machine_4_surround_temp,machine_machine_6_box_temp,machine_machine_6_surround_temp,frame,sim_time_s,sim_time_min,real_datetime
20.81372962801798,30.009952545166016,20.51523023989624,0.6354816909784291,0.0,0.0,,20.774584147596997,26.880054473876957,20.973806758034407,24.909532906353796,21.139651507482373,23.013527270260735,20.959344142063753,23.195072378035054,20.97945123278509,1,30.0,0.5,2025-04-23 14:29:30
20.78269772919587,30.009952545166016,20.512108808400356,0.6487185503758611,0.0,0.0,,20.751499290581503,26.880054473876957,21.129135892765017,24.909904531869863,21.264731966774274,23.013687893041883,21.015593629821932,23.195434543540415,21.038835233871673,2,60.0,1.0,2025-04-23 14:30:00
20.755801261954375,30.009952545166016,20.509876985328507,0.6573733480266251,0.0,0.0,,20.73046698696616,26.880054473876957,21.242590826327252,24.9100542589002,21.32805354491742,23.013745911203845,21.038945969456677,23.195548095789924,21.062878349227258,3,90.0,1.5,2025-04-23 14:30:30
20.73305358327601,30.009952545166016,20.508154114047677,0.663995438321873,0.0,0.0,,20.711279493509853,26.880054473876957,21.330026470114074,24.910134137445503,21.36551358875531,23.013772992903295,21.04896996578739,23.195595522532056,21.074511234522372,4,120.0,2.0,2025-04-23 14:31:00
20.713908466233846,30.009952545166016,20.50675250709057,0.6693473887811269,0.0,0.0,,20.693758779331553,26.880054473876957,21.400637285661936,24.910183876002193,21.38982544329326,23.013787609748388,21.05293514992773,23.19562084718013,21.08080759239917,5,150.0,2.5,2025-04-23 14:31:30
20.697790804435243,30.009952545166016,20.50557958296984,0.6737464729270012,0.0,0.0,,20.677747630619134,26.880054473876957,21.45939481785663,24.91021778824571,21.406653539735853,23.013796207462935,21.053943119410594,23.19563657699893,21.084335043106474,6,180.0,3.0,2025-04-23 14:32:00
20.66712789654793,28.848115255907356,20.504587551261853,0.55216804408718,0.0,0.0,,20.70204680852007,24.65207862854004,21.441220971063423,23.34507965956832,21.279395507796682,21.965013211782072,20.964333633267188,22.30461331287545,21.008550819008768,7,210.0,3.5,2025-04-23 14:32:30
20.64822898108087,27.782306556003928,20.50374851460003,0.4835411877240033,0.0,0.0,,20.726936986163867,24.65207862854004,21.42150729711567,23.344949789016344,21.232167359722208,21.964933625217125,20.924782739001625,22.304473945733058,20.978171078139262,8,240.0,4.0,2025-04-23 14:33:00
20.63210225192721,26.82804993021664,20.503042808858694,0.4274103126471681,0.0,0.0,,20.749739149359442,24.62590217590332,21.401266700778457,23.361957291706645,21.209031221957392,21.9450036970664,20.900319817870702,22.277577643647383,20.959149313753656,9,270.0,4.5,2025-04-23 14:33:30
20.618301832265875,25.981312586977605,20.50245399450211,0.3813161067036735,0.0,0.0,,20.769767862050248,24.62590217590332,21.381398320440415,23.36193485621931,21.1942131252933,21.944986161443076,20.884206682064928,22.277551003017845,20.946633406017536,10,300.0,5.0,2025-04-23 14:34:00
20.528265970751807,25.17520287148301,20.372588263541747,0.35202410229858544,0.0,0.0,,20.743001143278036,24.536312103271484,21.31910216385632,23.374979778642775,21.139957172756596,22.010599055557687,20.82965528770661,22.05318547076122,20.868265543805368,11,330.0,5.5,2025-04-23 14:34:30
20.453443114376984,24.536312103271484,20.27611371123166,0.32921697370149156,0.0,0.0,,20.718133547225733,24.536312103271484,21.26184598284003,23.374944262634873,21.09442290510847,22.01057359727903,20.781917163867003,22.05308591119367,20.81191033659481,12,360.0,6.0,2025-04-23 14:35:00
20.391091992243283,24.536312103271484,20.204631259696466,0.3108385787696886,0.0,0.0,,20.695237560722912,24.536312103271484,21.209274930839182,23.374915037527195,21.05508432790123,22.01055162831861,20.740219200866573,22.053022445047414,20.76586803294527,13,390.0,6.5,2025-04-23 14:35:30
20.338912614953937,24.536312103271484,20.151666754740404,0.2957370008558367,0.0,0.0,,20.674181058577293,24.536312103271484,21.160989421389814,23.3748902136905,21.020621998706986,22.010532843468322,20.703624382462493,22.052973064922128,20.726458587168107,14,420.0,7.0,2025-04-23 14:36:00
20.29339482168459,24.513336181640625,20.112421899375107,0.2709643515505987,0.0,0.0,,20.653225752469854,24.513336181640625,21.11627491270364,23.059685676681077,20.96211324063644,21.74350967642431,20.648705928495144,21.86006941262102,20.675332546796753,15,450.0,7.5,2025-04-23 14:36:30
20.256262244630747,24.513336181640625,20.083341248253323,0.25925181603973696,0.0,0.0,,20.633880948299932,24.513336181640625,21.07519441750761,23.05963720431887,20.923773463803986,21.74347454567974,20.61050275156975,21.860002241370445,20.638487034591293,16,480.0,8.0,2025-04-23 14:37:00
20.22554146090983,24.48879623413086,20.061790692895613,0.2544287003515132,0.0,0.0,,20.616740366459368,24.48879623413086,21.0370855513122,23.10182956200916,20.89714842050714,21.883606444550832,20.59186743449323,21.892886663499866,20.61124370075226,17,510.0,8.5,2025-04-23 14:37:30
20.19893206628896,24.48879623413086,20.045818903197357,0.2466544383038681,0.0,0.0,,20.601092250753663,24.48879623413086,21.00209285496421,23.101812163557824,20.8730596708634,21.88360245243914,20.571244359019175,21.89285975358456,20.586627522781058,18,540.0,9.0,2025-04-23 14:38:00
20.17612539165973,24.50457763671875,20.033980420619553,0.23945032748708944,0.0,0.0,,20.586988156466354,24.50457763671875,20.970227264964524,23.131440817343297,20.854409006732052,21.839556788233008,20.54811195750321,21.918088064345262,20.567024149933175,19,570.0,9.5,2025-04-23 14:38:30
20.156701616339387,24.50457763671875,20.025204526938666,0.23392688022909547,0.0,0.0,,20.574093098252952,24.50457763671875,20.94099786169426,23.13143006228452,20.836636601955806,21.83954549847244,20.52891688172631,21.918070069731474,20.54867347956788,20,600.0,10.0,2025-04-23 14:39:00
20.062115859275348,24.51858329772949,19.889072255114076,0.2466851922002021,0.0,0.0,,20.520629679738185,24.51858329772949,20.87270124347147,23.11100471158138,20.773658952094415,21.90825800081785,20.46982089974624,22.31755194724537,20.51774891079563,21,630.0,10.5,2025-04-23 14:39:30
19.98334514863565,24.51858329772949,19.788236472298582,0.2548500947303696,0.0,0.0,,20.472419903888422,24.51858329772949,20.810957763291004,23.110965549181394,20.72043449635487,21.90823289927528,20.417053871957858,22.31754991602381,20.476494200136916,22,660.0,11.0,2025-04-23 14:40:00
19.917417504765886,24.526952743530277,19.713548182518828,0.2593765664631101,0.0,0.0,,20.430493423074587,24.526952743530277,20.755158575401314,23.162628472119042,20.678492458077308,21.85744710344762,20.3660389436215,21.920320787043035,20.401298247789022,23,690.0,11.5,2025-04-23 14:40:30
19.862324925838383,24.526952743530277,19.658226981952836,0.26229468892552255,0.0,0.0,,20.392697423206435,24.526952743530277,20.70456191527145,23.162605232511233,20.639207694452054,21.85742324038655,20.32287123763496,21.9202188525667,20.35017721357369,24,720.0,12.0,2025-04-23 14:41:00
19.81610827025277,24.54838180541992,19.617249437945503,0.2644157872589741,0.0,0.0,,20.357037116324175,24.54838180541992,20.658980664908213,23.16293906950483,20.603754432991746,21.882635242362795,20.28740688581118,21.976353979336672,20.314068172235398,25,750.0,12.5,2025-04-23 14:41:30
19.77700518449146,24.54838180541992,19.586894658619244,0.2646122809281568,0.0,0.0,,20.324626948834887,24.54838180541992,20.61759951764216,23.162918581518,20.571939363287015,21.88262110988177,20.255238490398234,21.976320163987914,20.281044850499242,26,780.0,13.0,2025-04-23 14:42:00
19.743864095733606,24.54838180541992,19.56440697863885,0.26404787513179484,0.0,0.0,,20.29525812062272,24.54838180541992,20.580005270795347,23.162900205031438,20.54345136018324,21.882607926496068,20.226509834505162,21.976287756956737,20.251600483352888,27,810.0,13.5,2025-04-23 14:42:30
19.715676500132275,24.54838180541992,19.547745766017538,0.2630325904883776,0.0,0.0,,20.268653654673308,24.54838180541992,20.545837054784595,23.162883799822776,20.51795605872678,21.882596125324632,20.200942331087333,21.97625873370297,20.225495726789816,28,840.0,14.0,2025-04-23 14:43:00
19.69022319617979,24.214445114135746,19.5353999564907,0.24818567228720143,0.0,0.0,,20.240175640888957,24.214445114135746,20.50956144543794,22.955992112093842,20.476680441569517,21.730519143982722,20.165270976720958,21.674364124737743,20.17602978729638,29,870.0,14.5,2025-04-23 14:43:30
19.669485377971586,24.214445114135746,19.526250630929244,0.2460888586960397,0.0,0.0,,20.214064366092696,24.214445114135746,20.47649112412976,22.955959527105716,20.448811240491555,21.730497866742315,20.139518772568035,21.674291992698787,20.144999498505605,30,900.0,15.0,2025-04-23 14:44:00
19.57318402037818,24.216402053833008,19.38984340408084,0.25721382749741156,0.0,0.0,,20.147163455426284,24.216402053833008,20.40483096157523,22.8597199453693,20.37271217899811,21.730449793146622,20.07019504170105,21.693121302749056,20.073515713468996,31,930.0,15.5,2025-04-23 14:44:30
19.493378795947017,24.216402053833008,19.288805112969346,0.26741063759171146,0.0,0.0,,20.086847169707273,24.216402053833008,20.340354945362158,22.85966827752933,20.312087460900702,21.730416673720647,20.011609755750825,21.693046833464173,20.013731603767216,32,960.0,16.0,2025-04-23 14:45:00
19.426784362909366,24.16180419921875,19.213967626984978,0.274213622823388,0.0,0.0,,20.032354495550805,24.16180419921875,20.281392851970015,22.86444145062682,20.260710742391083,21.73039010553749,19.960844846129238,21.728763368839058,19.96503449173116,33,990.0,16.5,2025-04-23 14:45:30
19.37095812826689,24.16180419921875,19.158536473062586,0.2782859113467083,0.0,0.0,,19.983231614867137,24.16180419921875,20.228173853343197,22.864409308826218,20.215631811644563,21.730367739654127,19.91637490132681,21.72871652312324,19.920853013960954,34,1020.0,17.0,2025-04-23 14:46:00
19.322988777928852,24.1733512878418,19.117477870999178,0.2732681095506728,0.0,0.0,,19.938499088725745,24.1733512878418,20.180304420327904,22.835930365781316,20.173279812938247,21.40010682001622,19.839420031302545,21.695815002638884,19.878646099473222,35,1050.0,17.5,2025-04-23 14:46:30
19.282459975876016,24.1733512878418,19.087063316410315,0.2688145521743739,0.0,0.0,,19.89811736199472,24.1733512878418,20.137065707782853,22.83590346355455,20.136937263777362,21.11425979432629,19.766459018823763,21.695770584375104,19.842630108361895,36,1080.0,18.0,2025-04-23 14:47:00
19.248121039702358,24.191837310791016,19.064531541912555,0.2653746103731779,0.0,0.0,,19.8624878774671,24.191837310791016,20.098270560065263,22.866897587594732,20.107708234656894,20.865900118817194,19.698190521648023,21.665339501085036,19.8084846440003,37,1110.0,18.5,2025-04-23 14:47:30
19.218802623846802,24.191837310791016,19.04783779170604,0.26121673497193476,0.0,0.0,,19.83038871024009,24.191837310791016,20.063189099462925,22.866881154737573,20.080438458311544,20.64909145927422,19.634840362177073,21.66530320753759,19.779670829757734,38,1140.0,19.0,2025-04-23 14:48:00
19.19668852333698,24.19293975830078,19.03546796493064,0.2747549399892016,0.0,0.0,,19.800501135301467,24.19293975830078,20.031458018365672,22.80536606316747,20.050309066684633,21.6487892031147,19.680000763295748,21.733894615938915,19.76056417417329,39,1170.0,19.5,2025-04-23 14:48:30
19.175881072966884,24.19293975830078,19.026300905734562,0.27409232308495324,0.0,0.0,,19.773426870572525,24.19293975830078,20.0027268176028,22.805345976859744,20.02596985688302,21.64884317937671,19.684682230797602,21.73388097376297,19.740882575511385,40,1200.0,20.0,2025-04-23 14:49:00
19.079678512642154,24.19293975830078,18.889880580792763,0.28847772942489874,0.0,0.0,,19.706723062831983,24.19293975830078,19.934998029363975,22.80529190946824,19.959852593219765,21.648821865411925,19.629779611263082,21.733785605417655,19.673363530506172,41,1230.0,20.5,2025-04-23 14:49:30
18.99971288526731,24.19293975830078,18.788832612399847,0.298895482381722,0.0,0.0,,19.6466420956547,24.19293975830078,19.874059961484793,22.80525152862152,19.90324845542081,21.648801220255447,19.579051426188737,21.733717190629925,19.61640459912236,42,1260.0,21.0,2025-04-23 14:50:00
18.93444523655246,24.40613555908203,18.713987974329235,0.3205351933882506,0.0,0.0,,19.59247601205017,24.40613555908203,19.822449633053594,23.063113256612432,19.876571383637344,21.88620184481827,19.55325457979506,21.92370910268095,19.583294001044123,43,1290.0,21.5,2025-04-23 14:50:30
18.878596455173458,24.40613555908203,18.658551532968982,0.32547438489172464,0.0,0.0,,19.54361224622956,24.40613555908203,19.775941862504023,23.063107872232155,19.841865620432664,21.886202443146722,19.520592307753073,21.923690906772656,19.54615568681422,44,1320.0,22.0,2025-04-23 14:51:00
18.83117206638315,24.474592208862305,18.617489020786024,0.32509555662144834,0.0,0.0,,19.475450656196724,24.474592208862305,19.73495830864794,23.00278765080496,19.802611242377125,21.796163639830155,19.480768373950376,21.843783916153647,19.504059670334414,45,1350.0,22.5,2025-04-23 14:51:30
18.79131184707392,24.474592208862305,18.58707157374567,0.3261609359893422,0.0,0.0,,19.401323732812095,24.474592208862305,19.697866320662794,23.002764667683856,19.769061937156607,21.79614573943244,19.447601741505846,21.843738224801957,19.46939208915792,46,1380.0,23.0,2025-04-23 14:52:00
18.756481435825016,24.23968505859375,18.564537658957793,0.3160450738279927,0.0,0.0,,19.330354316378276,24.23968505859375,19.660569334646844,22.833300326618737,19.724144292048713,21.652298767669674,19.40637276588345,21.78995467006277,19.434631473314145,47,1410.0,23.5,2025-04-23 14:52:30
18.727596221806536,24.23968505859375,18.547842324555553,0.3152389519293152,0.0,0.0,,19.263831330697187,24.23968505859375,19.626659947258364,22.83326758779834,19.69140072407908,21.652275903239797,19.37547939725038,21.78991653238973,19.40626041825881,48,1440.0,24.0,2025-04-23 14:53:00
18.702543885098752,23.98467445373535,18.535471324845656,0.30983061644278065,0.0,0.0,,19.201945512712786,23.98467445373535,19.59195429064404,22.737613938583973,19.655570795458605,21.652261288348125,19.34979608419555,21.743190899578064,19.3777168537875,49,1470.0,24.5,2025-04-23 14:53:30
18.681371898352193,23.98467445373535,18.52630339695529,0.3085704831458074,0.0,0.0,,19.144595146242505,23.98467445373535,19.560456763727874,22.737587781762482,19.628471955918787,21.652249943148696,19.327654603742406,21.743159143399506,19.354604653750645,50,1500.0,25.0,2025-04-23 14:54:00
18.584523137861915,23.810211181640625,18.390129495355655,0.3155424525101847,0.0,0.0,,19.09275966716994,23.810211181640625,19.487665822539963,22.590212947244087,19.54763807273748,21.65220544159087,19.260065955584174,21.527285360940336,19.266731966198815,51,1530.0,25.5,2025-04-23 14:54:30
18.50433789369588,23.810211181640625,18.28901697486086,0.3253491234109582,0.0,0.0,,19.049744289571258,23.810211181640625,19.422099803916858,22.590156800601623,19.48455946677319,21.65217396675113,19.202301136318894,21.52717880142102,19.201203534296983,52,1560.0,26.0,2025-04-23 14:55:00
18.436322655605363,23.77188491821289,18.21412452244711,0.32418779311731105,0.0,0.0,,19.011397976127665,23.77188491821289,19.362512333485075,22.655642001203173,19.436859647495723,21.209972638229697,19.101768748291835,21.486119858851616,19.14314930200407,53,1590.0,26.5,2025-04-23 14:55:30
18.379107295860003,23.77188491821289,18.158652668976387,0.320869099587608,0.0,0.0,,18.976645919246184,23.77188491821289,19.308848498202284,22.655614267359205,19.39258261305025,20.827290413276874,19.006325914249857,21.486056479870317,19.094667188849233,54,1620.0,27.0,2025-04-23 14:56:00
18.330872499876914,23.77188491821289,18.117563931826,0.317161108226415,0.0,0.0,,18.944981005493396,23.77188491821289,19.26050188986355,22.65558790639157,19.35283069720761,20.494839343285836,18.916934182291225,21.48600610509864,19.052714809234036,55,1650.0,27.5,2025-04-23 14:56:30
18.290051179150364,23.77188491821289,18.08712706398468,0.3132864927942397,0.0,0.0,,18.91607504882244,23.77188491821289,19.216918195020273,22.65556423019006,19.3173133787524,20.20466043751983,18.833920617484708,21.485963386439145,19.015958159010044,56,1680.0,28.0,2025-04-23 14:57:00
18.254771438578434,23.63093376159668,18.064578767027125,0.30179555547423087,0.0,0.0,,18.88796583262485,23.63093376159668,19.175406854655144,22.42517035517132,19.26506506675321,19.95046715164079,18.757295372414823,21.489995272595365,18.98394951928847,57,1710.0,28.5,2025-04-23 14:57:30
18.22515659958222,23.63093376159668,18.047872781387994,0.29766453667939535,0.0,0.0,,18.862176933689177,23.63093376159668,19.13788187775455,22.42512986089701,19.22842352342196,19.72718014682641,18.68688035073901,21.489963647043105,18.95553113054833,58,1740.0,29.0,2025-04-23 14:58:00
18.20059536971959,23.731555938720703,18.03549389298523,0.3036871716715025,0.0,0.0,,18.841176055795213,23.731555938720703,19.105582278063203,22.667505000821055,19.220022609987975,19.530618221269954,18.62238919924654,21.52813850416349,18.933699904772425,59,1770.0,29.5,2025-04-23 14:58:30
18.178935620671574,23.731555938720703,18.026320121925135,0.30085414702862784,0.0,0.0,,18.82220407832675,23.731555938720703,19.07647553005927,22.667508048828495,19.203017028653466,19.357287395968793,18.563477396770054,21.528120058137993,18.912768430382172,60,1800.0,30.0,2025-04-23 14:59:00
18.087850696866496,23.623687744140625,17.890141891820193,0.34591931202187737,0.0,0.0,,18.760773501855127,23.623687744140625,19.00689075484992,22.640686574056165,19.138087100015458,21.46116165380829,18.653546082360936,21.570910082772563,18.84829871673546,61,1830.0,30.5,2025-04-23 14:59:30
18.008087070979037,23.623687744140625,17.789026164466858,0.35703192467973444,0.0,0.0,,18.70504124377364,23.623687744140625,18.94419895152561,22.640647766509407,19.082475590308402,21.461278578570063,18.657986750696747,21.57084768224019,18.792234224480776,62,1860.0,31.0,2025-04-23 15:00:00
17.94217047465682,23.74519920349121,17.714131335873958,0.3725056160911546,0.0,0.0,,18.654648409196415,23.74519920349121,18.88962879548294,22.75392022042069,19.043569428245128,21.59967797371362,18.650664024266906,21.670691485786563,18.751558011539394,63,1890.0,31.5,2025-04-23 15:00:30
17.886244228444582,23.74519920349121,17.658657721479123,0.37754736941636524,0.0,0.0,,18.609080508859666,23.74519920349121,18.840485844472987,22.75390216978878,19.004136003726238,21.599694028720695,18.62974068849767,21.670659204455653,18.711396070963687,64,1920.0,32.0,2025-04-23 15:01:00
17.83878886979206,23.65836334228516,17.617567679156522,0.3765682544878328,0.0,0.0,,18.57122582361064,23.65836334228516,18.79477859975421,22.600939119803776,18.954038057652742,21.62997383893014,18.60798702248025,21.62604912499643,18.67073784141758,65,1950.0,32.5,2025-04-23 15:01:30
17.798923988978796,23.65836334228516,17.58712984378665,0.37811215225763034,0.0,0.0,,18.537222907591882,23.65836334228516,18.753444669058872,22.600904639143035,18.915451361741756,21.62997218119913,18.58480662118155,21.626006800054892,18.63618177587272,66,1980.0,33.0,2025-04-23 15:02:00
17.765360752127943,23.653732299804688,17.564580829478686,0.3811208046791394,0.0,0.0,,18.506953201645477,23.653732299804688,18.716011815783038,22.59053691642991,18.8816261822112,21.70160174939168,18.56854591759773,21.715316608311287,18.61370764422628,67,2010.0,33.5,2025-04-23 15:02:30
17.736596435373915,23.653732299804688,17.547874311887053,0.3813958470314883,0.0,0.0,,18.47952671362532,23.653732299804688,18.682169747340403,22.59051590954127,18.852419901149666,21.701601353604776,18.550374755302023,21.715301863326392,18.590096249070537,68,2040.0,34.0,2025-04-23 15:03:00
17.71201694163721,23.653732299804688,17.53549502894563,0.3812753028832686,0.0,0.0,,18.45462017163506,23.653732299804688,18.651565612738384,22.59049830762169,18.826681503298293,21.70159733253744,18.53279759590063,21.715281196546236,18.568083467815026,69,2070.0,34.5,2025-04-23 15:03:30
17.69094797008291,23.653732299804688,17.526320965211802,0.38093550005054644,0.0,0.0,,18.43198782268893,23.653732299804688,18.623879199395628,22.590483047064644,18.803827606924532,21.7015924136308,18.516465605381335,21.715260961001853,18.54818484017551,70,2100.0,35.0,2025-04-23 15:04:00
17.593296622966623,23.49585533,17.39014251795815,0.3790244450746273,0.0,0.0,,18.367088692497685,23.49585533,18.554748826623015,22.368543091799072,18.71873744630825,21.492714244166052,18.43559511110421,21.485280718368482,18.46111767771691,71,2130.0,35.5,2025-04-23 15:04:30
17.51303868932122,23.49585533,17.28902662946242,0.3881884351232236,0.0,0.0,,18.30827791501976,23.49585533,18.49242029818034,22.368482639233722,18.654521367115812,21.49266951605529,18.373782855232758,21.48517488759395,18.396583049018844,72,2160.0,36.0,2025-04-23 15:05:00
17.446163740981987,23.436174392700195,17.214131681265822,0.3960576106512996,0.0,0.0,,18.25428913189196,23.436174392700195,18.435345861865116,22.44474449576018,18.607366934816856,21.49263984188324,18.322197047800667,21.43458132230628,18.338596540768947,73,2190.0,36.5,2025-04-23 15:05:30
17.39001182725749,23.436174392700195,17.158657978081465,0.4004019642015534,0.0,0.0,,18.20547123424458,23.436174392700195,18.38387235875606,22.444717395132233,18.56330231928316,21.492616584241038,18.277730476760215,21.43451762191847,18.29054492632905,74,2220.0,37.0,2025-04-23 15:06:00
17.342471889647605,23.391508102416992,17.117567869832317,0.4003780562282389,0.0,0.0,,18.15935737400233,23.391508102416992,18.336751518472223,22.383348274537692,18.518222466351343,21.492597190376184,18.238844101924244,21.266624448479597,18.234424044407973,75,2250.0,37.5,2025-04-23 15:06:30
17.30248655637704,23.391508102416992,17.087129985502084,0.4017207639687482,0.0,0.0,,18.117552200820978,23.391508102416992,18.294213963182827,22.383318986947646,18.480600628164932,21.49258057533246,18.204591564000253,21.266554709582934,18.19220689335377,76,2280.0,38.0,2025-04-23 15:07:00
17.266799177574065,23.30354690551757,17.06458093482681,0.3863994210551778,0.0,0.0,,18.07554026737102,23.30354690551757,18.254445363658093,22.308483652156546,18.441056399833744,20.94113548533434,18.110898381941855,21.283885095800542,18.15855524709592,77,2310.0,38.5,2025-04-23 15:07:30
17.23652254107475,23.30354690551757,17.047874390216368,0.3757405767453093,0.0,0.0,,18.03728426824527,23.30354690551757,18.21849907258796,22.308456631833437,18.409268856886786,20.46519295749754,18.0199050577752,21.283851297355227,18.128799274406276,78,2340.0,39.0,2025-04-23 15:08:00
17.210679773636667,23.295324325561523,17.035495087197564,0.3681824408366076,0.0,0.0,,18.00468914112467,23.295324325561523,18.185910289707724,22.38228386290891,18.388461914776162,20.0527103483011,17.933299592508842,21.13749014039967,18.089811581042735,79,2370.0,39.5,2025-04-23 15:08:30
17.188408687439722,23.295324325561523,17.02632100854143,0.36079365898765753,0.0,0.0,,17.975458773031434,23.295324325561523,18.156476972536083,22.382273863634776,18.367052827383493,19.693450845618628,17.85189059270663,21.137439800577937,18.061550344640292,80,2400.0,40.0,2025-04-23 15:09:00
17.09101291816193,23.313627243041992,16.89014255019489,0.3673633806346509,0.0,0.0,,17.90732473749341,23.313627243041992,18.08855875973424,22.328894633084232,18.297520001253165,19.328714592271616,17.72528079993657,21.237085116362124,17.99784806422243,81,2430.0,40.5,2025-04-23 15:09:30
17.00980156901458,23.313627243041992,16.789026653451362,0.3719459315261271,0.0,0.0,,17.845924502891425,23.313627243041992,18.027432871187553,22.32885084058362,18.239582417316814,19.007705760785225,17.60938273308602,21.237025788020624,17.94086527185914,82,2460.0,41.0,2025-04-23 15:10:00
16.942022080248876,23.33793830871582,16.71413169912074,0.3758073159573066,0.0,0.0,,17.790622291776213,23.33793830871582,17.97275669508948,22.341377170495925,18.1902242882171,18.724703394773815,17.50365196160658,21.282464551222844,17.894286860609952,83,2490.0,41.5,2025-04-23 15:10:30
16.885044363792744,23.33793830871582,16.65865799137388,0.3768581300442747,0.0,0.0,,17.740744515011688,23.33793830871582,17.92345775010928,22.34134796527653,18.146114267947453,18.47480928297646,17.40738936385258,21.282421838328535,17.85114182826021,84,2520.0,42.0,2025-04-23 15:11:00
16.837677001075907,23.38890647888184,16.61756787972997,0.3851406076444416,0.0,0.0,,17.696378231574432,23.38890647888184,17.87974740881776,22.547108721804747,18.125147337782334,18.25386757288424,17.31988828776155,21.428442719101685,17.825137794360522,85,2550.0,42.5,2025-04-23 15:11:30
16.79710275199734,23.38890647888184,16.587129992873628,0.3846929756290397,0.0,0.0,,17.656367752334393,23.38890647888184,17.840275267130853,22.547105105435037,18.097510024391713,18.058320294713507,17.240456113761873,21.428428986323944,17.79577320937409,86,2580.0,43.0,2025-04-23 15:12:00
16.783808397032733,24.725021362304688,16.564580940318148,0.5339128294210701,0.0,0.0,,17.636740486802637,23.436145782470703,17.805316789928757,22.657666978568837,18.08023847223298,22.067022437830758,17.52242824653177,21.548456836167357,17.778375623024445,87,2610.0,43.5,2025-04-23 15:12:30
16.756613285523713,24.725021362304688,16.54787439430817,0.5395820831611219,0.0,0.0,,17.62023083901554,23.436145782470703,17.77369930838701,22.657663865172747,18.059013568314988,22.067303592293076,17.622351468395454,21.54845104543309,17.75725204079359,88,2640.0,44.0,2025-04-23 15:13:00
16.73049476519565,23.99513665147958,16.53549509024721,0.5163123473717405,0.0,0.0,,17.592185489612316,23.509737014770508,17.746216836367513,22.808556048687755,18.051689903413546,21.64669855496163,17.628629732811795,21.720742778699147,17.75181178295624,89,2670.0,44.5,2025-04-23 15:13:30
16.708789102388934,23.509737014770508,16.526321010814733,0.5049984873992055,0.0,0.0,,17.56556739422893,23.509737014770508,17.721347587588184,22.808560573750228,18.03776662497897,21.646711481442612,17.63197820092276,21.720753275185206,17.739066427357017,90,2700.0,45.0,2025-04-23 15:14:00
16.611402729375953,23.72801399230957,16.390142551889763,0.5018431633890542,0.0,0.0,,17.499104561705288,23.72801399230957,17.660585010868886,22.540664153023478,17.95427471466833,21.616348269482046,17.580866520930407,21.91813351717197,17.693362671287485,91,2730.0,45.5,2025-04-23 15:14:30
16.530663978026475,23.72801399230957,16.289026654715126,0.5039368019217138,0.0,0.0,,17.439058261084988,23.72801399230957,17.605920511589122,22.5406055734419,17.89250624021843,21.61633004325075,17.53664183147477,21.91810420818831,17.64665406636439,92,2760.0,46.0,2025-04-23 15:15:00
16.463567094802833,23.72799491882324,16.21413170006341,0.5086053260450077,0.0,0.0,,17.38488228355838,23.72799491882324,17.55660033620923,22.531760487014857,17.839998054908897,21.790787548222323,17.512150754888996,21.708449300054834,17.585046973629073,93,2790.0,46.5,2025-04-23 15:15:30
16.406979843375872,23.72799491882324,16.15865799207716,0.5090383972625305,0.0,0.0,,17.335987083916738,23.72799491882324,17.512015884307797,22.531727637692544,17.794788569226164,21.790787983755006,17.483338129277644,21.70837480359007,17.538556208541177,94,2820.0,47.0,2025-04-23 15:16:00
16.358755482308013,23.839319229125977,16.117567880255056,0.5034214027906259,0.0,0.0,,17.254206823727927,23.839319229125977,17.473404154467666,22.363461287801805,17.740103562314307,21.735963509872963,17.450667622167845,21.807560221615383,17.508188602014346,95,2850.0,47.5,2025-04-23 15:16:30
16.31829494509109,23.839319229125977,16.08712999326558,0.5022597075999271,0.0,0.0,,17.16075500885817,23.839319229125977,17.438478268742806,22.363421591706143,17.698899933433836,21.735950905680955,17.42266951289184,21.807537508359353,17.47771764013329,96,2880.0,48.0,2025-04-23 15:17:00
16.283809842415913,23.74458885192871,16.064580940610732,0.5001153859333056,0.0,0.0,,17.07022942146375,23.74458885192871,17.405336404226684,22.472630303000646,17.673976531707062,21.699239990476823,17.39473875445051,21.54309731334903,17.426645533423358,97,2910.0,48.5,2025-04-23 15:17:30
16.254492283093544,23.74458885192871,16.04787439452658,0.4986613844396152,0.0,0.0,,16.98487382182919,23.74458885192871,17.375228300458357,22.472618548506382,17.647800737861107,21.699228189857905,17.37123945060855,21.54302753761865,17.39218907129275,98,2940.0,49.0,2025-04-23 15:18:00
16.229415343523154,23.74458885192871,16.035495090410354,0.4972610913858521,0.0,0.0,,16.905168422305962,23.74458885192871,17.3479122771785,22.47260420734368,17.62350130966027,21.699219023726606,17.35066509378512,21.54298842431616,17.364704665419445,99,2970.0,49.5,2025-04-23 15:18:30
16.20789124109645,23.74458885192871,16.026321010936577,0.4959509473214567,0.0,0.0,,16.831109150527464,23.74458885192871,17.32313459992182,22.47259047747112,17.601462175167416,21.69921116539771,17.332423202778312,21.542959551481164,17.34133245108208,100,3000.0,50.0,2025-04-23 15:19:00
16.20105513081226,24.50926780700684,16.019521305650027,0.5760356834907591,0.0,0.0,,16.76251938652055,24.50926780700684,17.31256541372703,22.64142283129402,17.596654950806506,21.699204227599914,17.316167216710802,21.982584581128062,17.35931458947629,101,3030.0,50.5,2025-04-23 15:19:30
16.18610807549143,24.50926780700684,16.014480698096627,0.578253144632941,0.0,0.0,,16.699147581660267,24.50926780700684,17.303213590627486,22.641427496666275,17.584901133397135,21.699198039022303,17.30164763116835,21.9826365342079,17.356850922634056,102,3060.0,51.0,2025-04-23 15:20:00
16.1730369911679,24.660375595092773,16.010743516907638,0.5844128713216707,0.0,0.0,,16.64070689939416,24.660375595092773,17.296892340660346,23.160211761035345,17.61854070822768,20.993668716392328,17.207344066200825,22.157192864038443,17.364607982278688,103,3090.0,51.5,2025-04-23 15:20:30
16.15957223735756,24.660375595092773,16.007972260817034,0.5714191633207087,0.0,0.0,,16.586895488257852,24.660375595092773,17.29092017220794,23.160255549132213,17.625131655660212,20.385722373295096,17.113584804005235,22.157218730458546,17.36234257733901,104,3120.0,52.0,2025-04-23 15:21:00
16.14773821688115,24.660375595092773,16.005916925155365,0.5611216396861288,0.0,0.0,,16.53740845212051,24.660375595092773,17.285182051048075,23.160270543253947,17.624394654795374,19.85960234151512,17.02291076977183,22.157223316313292,17.357480215978292,105,3150.0,52.5,2025-04-23 15:21:30
16.13735339576076,24.660375595092773,16.004392295167474,0.5530470777953067,0.0,0.0,,16.49194539685221,24.660375595092773,17.279666436928817,23.16027661204136,17.621035137831353,19.401973826848725,16.936672310769215,22.157222260910594,17.352079375442056,106,3180.0,53.0,2025-04-23 15:22:00
16.130407863576234,24.94725799560547,16.003261136588396,0.5639114380109425,0.0,0.0,,16.4502152695185,24.656007766723636,17.274318067839577,22.912169945332327,17.594585578902077,19.002371361663844,16.85558289730428,22.484838803535627,17.375323852023474,107,3210.0,53.5,2025-04-23 15:22:30
16.122549836074477,24.94725799560547,16.002421751268226,0.5591616164263049,0.0,0.0,,16.411939413274517,24.656007766723636,17.26922417171206,22.912147072852925,17.581020903190016,18.652390261188934,16.77995335467769,22.484889390600816,17.381778694653892,108,3240.0,54.0,2025-04-23 15:23:00
16.118250876411075,25.018949508666992,16.001798763668624,0.578596978708021,0.0,0.0,,16.376853401501283,24.51108741760254,17.26213916249559,22.67635702345638,17.550399478787266,18.345150753823592,16.7098397645433,21.935089601782657,17.335372686589086,109,3270.0,54.5,2025-04-23 15:23:30
16.112373416458837,25.018949508666992,16.001336298791134,0.5765832341628406,0.0,0.0,,16.34470802115869,24.51108741760254,17.25548736061427,22.676328318867313,17.534190280943854,18.074933364362597,16.645138124895112,21.935005184986057,17.315958651393306,110,3300.0,55.0,2025-04-23 15:24:00
16.107549608393807,24.84955406188965,16.000992930276947,0.5747104048038435,0.0,0.0,,16.31526965887962,24.508787155151367,17.24929617129898,22.904270327705067,17.543189658019916,17.836923921573042,16.58564572107944,22.428756685040184,17.347813683536295,111,3330.0,55.5,2025-04-23 15:24:30
16.10214117952499,24.84955406188965,16.000737938905743,0.5643521601694084,0.0,0.0,,16.28832026834788,24.508787155151367,17.2435946474853,22.904282775021954,17.54255573291026,17.627030226150747,16.53110137303341,22.428823448138992,17.35707974336867,112,3360.0,56.0,2025-04-23 15:25:00
16.09731593249928,24.84955406188965,16.000548541222628,0.556456259221946,0.0,0.0,,16.26365704704179,24.508787155151367,17.238354332351072,22.90428511700245,17.539856597244583,17.441746635289668,16.481212068726958,22.4288425145203,17.35996481357795,113,3390.0,56.5,2025-04-23 15:25:30
16.09302474062682,24.84955406188965,16.00040783645912,0.5504337173272059,0.0,0.0,,16.241091915366518,24.508787155151367,17.233540947695463,22.904284872200144,17.536664565979162,17.278051463670035,16.435670684216387,22.428849431725993,17.360783699739315,114,3420.0,57.0,2025-04-23 15:26:00
16.08920902445095,24.84955406188965,16.000303285348615,0.5458149578656896,0.0,0.0,,16.220450866250115,24.508787155151367,17.22912040103228,22.904283803361942,17.533449662230417,17.13332742121163,16.3941677767451,22.428852566246547,17.36081665905685,115,3450.0,57.5,2025-04-23 15:26:30
16.085814014701562,24.84955406188965,16.00022558286086,0.5422516672108053,0.0,0.0,,16.20157323519113,24.508787155151367,17.22506064983629,22.90428246532235,17.530381341506867,17.005298628440123,16.356399379050668,22.42885420144472,17.360502332547092,116,3480.0,58.0,2025-04-23 15:27:00
16.105111020948893,25.628189086914062,16.00016782271137,0.6567208301343207,0.0,0.0,,16.184310927431387,25.628189086914062,17.238766108881165,22.975166920863256,17.533838989814754,22.103691908581766,16.764047355120663,21.80689901234781,17.30580650637997,117,3510.0,58.5,2025-04-23 15:27:30
16.10335878478938,25.628189086914062,16.000124878021378,0.6477614016828749,0.0,0.0,,16.168527629014978,25.628189086914062,17.251512880191648,22.975172264865634,17.533761953304186,22.104076398410196,16.93125224526412,21.806797144992032,17.28345959601485,118,3540.0,59.0,2025-04-23 15:28:00
16.10445013487332,25.276952743530277,16.0000929421277,0.6621103400023622,0.0,0.0,,16.249382130502905,24.533435821533203,17.245725912034978,23.215624976052773,17.554219393215895,22.104223792380772,17.018921482880536,21.7697603758865,17.26790762374968,119,3570.0,59.5,2025-04-23 15:28:30
16.102615688778926,25.276952743530277,16.000069188072224,0.6560925492450737,0.0,0.0,,16.329732357613405,24.533435821533203,17.23969921999863,23.215648112509903,17.56164312406685,22.104298815673705,17.072414413999578,21.769736408127006,17.25817580307421,120,3600.0,60.0,2025-04-23 15:29:00
