timestamp,ambient_temp_mean_c,background_pixels,background_confidence,date,time
2025-04-23 14:29:00,22.26661872863769,202207.0,0.8535821274733317,2025-04-23,14:29:00
2025-04-23 14:29:30,22.91330909729004,197432.0,0.833345864019004,2025-04-23,14:29:30
2025-04-23 14:30:00,21.21241569519043,245897.0,0.9120931477407208,2025-04-23,14:30:00
2025-04-23 14:30:30,21.41639709472656,244250.0,0.9064485670419652,2025-04-23,14:30:30
2025-04-23 14:31:00,21.178009033203125,246213.0,0.9152693755000753,2025-04-23,14:31:00
2025-04-23 14:31:30,21.27680969238281,246959.0,0.9152116975894784,2025-04-23,14:31:30
2025-04-23 14:32:00,21.25925636291504,246577.0,0.9145115547070488,2025-04-23,14:32:00
2025-04-23 14:32:30,21.22359085083008,247059.0,0.913629246961252,2025-04-23,14:32:30
2025-04-23 14:33:00,21.20672607421875,246913.0,0.914030827659945,2025-04-23,14:33:00
2025-04-23 14:33:30,21.223848342895508,247172.0,0.9135789045684788,2025-04-23,14:33:30
2025-04-23 14:34:00,21.234888076782227,247427.0,0.9145036339000998,2025-04-23,14:34:00
2025-04-23 14:34:30,21.08552932739257,246760.0,0.916669727164046,2025-04-23,14:34:30
2025-04-23 14:35:00,21.213069915771484,247545.0,0.9145544875679168,2025-04-23,14:35:00
2025-04-23 14:35:30,21.028223037719727,246463.0,0.9162780645573576,2025-04-23,14:35:30
2025-04-23 14:36:00,20.96369361877441,245688.0,0.91850334570675,2025-04-23,14:36:00
2025-04-23 14:36:30,21.048402786254883,246374.0,0.9178680075819688,2025-04-23,14:36:30
2025-04-23 14:37:00,21.062931060791016,246700.0,0.91746649523713,2025-04-23,14:37:00
2025-04-23 14:37:30,21.170543670654297,247051.0,0.9154796858745764,2025-04-23,14:37:30
2025-04-23 14:38:00,21.106788635253903,247094.0,0.9164242024290352,2025-04-23,14:38:00
2025-04-23 14:38:30,21.0820426940918,246403.0,0.9178281489064662,2025-04-23,14:38:30
2025-04-23 14:39:00,21.10389709472656,246602.0,0.9135487673457636,2025-04-23,14:39:00
2025-04-23 14:39:30,21.15488815307617,246995.0,0.9149417245288366,2025-04-23,14:39:30
2025-04-23 14:40:00,21.205684661865234,247263.0,0.9158991387712678,2025-04-23,14:40:00
2025-04-23 14:40:30,21.102184295654297,246882.0,0.9173201291507684,2025-04-23,14:40:30
2025-04-23 14:41:00,21.1369743347168,247377.0,0.9176166968837038,2025-04-23,14:41:00
2025-04-23 14:41:30,21.123125076293945,247550.0,0.9168489320339326,2025-04-23,14:41:30
2025-04-23 14:42:00,21.0914363861084,247697.0,0.918331419032124,2025-04-23,14:42:00
2025-04-23 14:42:30,21.08819580078125,247319.0,0.9183426187434044,2025-04-23,14:42:30
2025-04-23 14:43:00,20.92920684814453,246604.0,0.9195288803101328,2025-04-23,14:43:00
2025-04-23 14:43:30,20.8562126159668,246726.0,0.9215926143778927,2025-04-23,14:43:30
2025-04-23 14:44:00,20.8418197631836,247168.0,0.9223500058664552,2025-04-23,14:44:00
2025-04-23 14:44:30,20.82012176513672,246946.0,0.9226797052796968,2025-04-23,14:44:30
2025-04-23 14:45:00,20.86265754699707,247445.0,0.9208665688334782,2025-04-23,14:45:00
2025-04-23 14:45:30,20.82408142089844,246950.0,0.9224486864749948,2025-04-23,14:45:30
2025-04-23 14:46:00,20.845626831054688,247209.0,0.9225076251269168,2025-04-23,14:46:00
2025-04-23 14:46:30,20.85018920898437,247683.0,0.9217278865525692,2025-04-23,14:46:30
2025-04-23 14:47:00,20.85972595214844,247452.0,0.921438488575562,2025-04-23,14:47:00
2025-04-23 14:47:30,20.87656021118164,247780.0,0.9217281333239165,2025-04-23,14:47:30
2025-04-23 14:48:00,20.84173393249512,247782.0,0.9191541102662824,2025-04-23,14:48:00
2025-04-23 14:48:30,20.873262405395508,247660.0,0.920021526487927,2025-04-23,14:48:30
2025-04-23 14:49:00,20.99699783325196,247760.0,0.9178608456772684,2025-04-23,14:49:00
2025-04-23 14:49:30,21.06915664672852,248597.0,0.9173560773058403,2025-04-23,14:49:30
2025-04-23 14:50:00,21.01450538635254,248571.0,0.9196457576507316,2025-04-23,14:50:00
2025-04-23 14:50:30,21.10391998291016,248806.0,0.9196150188299318,2025-04-23,14:50:30
2025-04-23 14:51:00,21.094127655029297,248830.0,0.92103732970301,2025-04-23,14:51:00
2025-04-23 14:51:30,20.99920654296875,248613.0,0.921351407609417,2025-04-23,14:51:30
2025-04-23 14:52:00,20.9316349029541,248795.0,0.9225690955405051,2025-04-23,14:52:00
2025-04-23 14:52:30,20.923614501953125,248966.0,0.9236266196990752,2025-04-23,14:52:30
2025-04-23 14:53:00,20.90069007873535,249084.0,0.923708530555957,2025-04-23,14:53:00
2025-04-23 14:53:30,20.85575294494629,249348.0,0.924930405998845,2025-04-23,14:53:30
2025-04-23 14:54:00,20.81941795349121,248796.0,0.9247577583642824,2025-04-23,14:54:00
2025-04-23 14:54:30,20.74595832824707,248643.0,0.926387933704146,2025-04-23,14:54:30
2025-04-23 14:55:00,20.713041305541992,248834.0,0.925747059284503,2025-04-23,14:55:00
2025-04-23 14:55:30,20.73924827575684,248905.0,0.924502947911854,2025-04-23,14:55:30
2025-04-23 14:56:00,20.702680587768555,248750.0,0.9260673994974874,2025-04-23,14:56:00
2025-04-23 14:56:30,20.81355667114257,249437.0,0.9240721980900988,2025-04-23,14:56:30
2025-04-23 14:57:00,20.67672348022461,248778.0,0.9254541825442764,2025-04-23,14:57:00
2025-04-23 14:57:30,20.69956016540528,248917.0,0.9252417723578542,2025-04-23,14:57:30
2025-04-23 14:58:00,20.8166732788086,249202.0,0.924689483832393,2025-04-23,14:58:00
2025-04-23 14:58:30,20.77927017211914,249404.0,0.9249654927346794,2025-04-23,14:58:30
2025-04-23 14:59:00,20.80600929260254,249628.0,0.9249132709471694,2025-04-23,14:59:00
2025-04-23 14:59:30,20.75033187866211,248558.0,0.9253062288278792,2025-04-23,14:59:30
2025-04-23 15:00:00,20.86867904663086,249420.0,0.9219869472175448,2025-04-23,15:00:00
2025-04-23 15:00:30,20.86762428283692,249665.0,0.9234129358340176,2025-04-23,15:00:30
2025-04-23 15:01:00,20.847631454467773,249453.0,0.9245197241564544,2025-04-23,15:01:00
2025-04-23 15:01:30,20.844411849975582,249832.0,0.9246558687437958,2025-04-23,15:01:30
2025-04-23 15:02:00,20.88744735717773,249972.0,0.9240910606987984,2025-04-23,15:02:00
2025-04-23 15:02:30,20.83181571960449,249984.0,0.9259248841925884,2025-04-23,15:02:30
2025-04-23 15:03:00,20.7088680267334,249326.0,0.9265344368417252,2025-04-23,15:03:00
2025-04-23 15:03:30,20.762807846069336,249723.0,0.9262114297641788,2025-04-23,15:03:30
2025-04-23 15:04:00,20.6640625,250026.0,0.9261293075520146,2025-04-23,15:04:00
2025-04-23 15:04:30,20.72989845275879,250184.0,0.9251675766635756,2025-04-23,15:04:30
2025-04-23 15:05:00,20.66995429992676,249895.0,0.9261591743532284,2025-04-23,15:05:00
2025-04-23 15:05:30,20.633941650390625,249496.0,0.926794981182063,2025-04-23,15:05:30
2025-04-23 15:06:00,20.61006164550781,249827.0,0.9262009935875626,2025-04-23,15:06:00
2025-04-23 15:06:30,20.68328857421875,250251.0,0.9251087533116752,2025-04-23,15:06:30
2025-04-23 15:07:00,20.651979446411133,250457.0,0.9258264642233996,2025-04-23,15:07:00
2025-04-23 15:07:30,20.550657272338867,250902.0,0.9253928077496392,2025-04-23,15:07:30
2025-04-23 15:08:00,20.53277969360352,249908.0,0.9277654801967125,2025-04-23,15:08:00
2025-04-23 15:08:30,20.587385177612305,251141.0,0.9258369178071284,2025-04-23,15:08:30
2025-04-23 15:09:00,20.59202766418457,250705.0,0.9264519056261344,2025-04-23,15:09:00
2025-04-23 15:09:30,20.60411262512207,250963.0,0.9269264792021136,2025-04-23,15:09:30
2025-04-23 15:10:00,20.62085151672364,250845.0,0.9264359589587196,2025-04-23,15:10:00
2025-04-23 15:10:30,20.65033721923828,251862.0,0.924584383015302,2025-04-23,15:10:30
2025-04-23 15:11:00,20.722211837768555,252196.0,0.9239225765872576,2025-04-23,15:11:00
2025-04-23 15:11:30,20.73487091064453,252124.0,0.9230825531286192,2025-04-23,15:11:30
2025-04-23 15:12:00,21.10481071472168,242304.0,0.9080728005934694,2025-04-23,15:12:00
2025-04-23 15:12:30,20.78317070007324,252635.0,0.922744646426663,2025-04-23,15:12:30
2025-04-23 15:13:00,20.842012405395508,252748.0,0.9198403647110956,2025-04-23,15:13:00
2025-04-23 15:13:30,20.834125518798828,253531.0,0.9205636465560424,2025-04-23,15:13:30
2025-04-23 15:14:00,20.84729385375977,253808.0,0.9178054868246864,2025-04-23,15:14:00
2025-04-23 15:14:30,20.96952247619629,254892.0,0.9209627263703845,2025-04-23,15:14:30
2025-04-23 15:15:00,20.953357696533203,254980.0,0.921640177660993,2025-04-23,15:15:00
2025-04-23 15:15:30,20.905506134033203,254899.0,0.9222263646581588,2025-04-23,15:15:30
2025-04-23 15:16:00,20.89557456970215,254734.0,0.9241355688679171,2025-04-23,15:16:00
2025-04-23 15:16:30,20.960607528686523,255453.0,0.9245945560435777,2025-04-23,15:16:30
2025-04-23 15:17:00,20.89136505126953,255281.0,0.9246321945228982,2025-04-23,15:17:00
2025-04-23 15:17:30,20.78543281555176,254263.0,0.9264954618839548,2025-04-23,15:17:30
2025-04-23 15:18:00,21.07850646972656,247897.0,0.9245527124168506,2025-04-23,15:18:00
2025-04-23 15:18:30,20.98180389404297,247855.0,0.8998384261967682,2025-04-23,15:18:30
2025-04-23 15:19:00,21.066455841064453,248099.0,0.9049158551626568,2025-04-23,15:19:00
2025-04-23 15:19:30,21.08768653869629,247928.0,0.9011959873430996,2025-04-23,15:19:30
2025-04-23 15:20:00,21.17283821105957,247312.0,0.9028787523452158,2025-04-23,15:20:00
2025-04-23 15:20:30,21.256006240844727,247801.0,0.9024667853438848,2025-04-23,15:20:30
2025-04-23 15:21:00,21.143239974975582,247613.0,0.9037041926312432,2025-04-23,15:21:00
2025-04-23 15:21:30,21.254838943481445,247187.0,0.901768385372208,2025-04-23,15:21:30
2025-04-23 15:22:00,21.325084686279297,246714.0,0.9021789273207034,2025-04-23,15:22:00
2025-04-23 15:22:30,21.326967239379883,246786.0,0.90559963895845,2025-04-23,15:22:30
2025-04-23 15:23:00,21.110708236694336,246613.0,0.9069556856289004,2025-04-23,15:23:00
2025-04-23 15:23:30,21.191688537597656,246567.0,0.9063842814529114,2025-04-23,15:23:30
2025-04-23 15:24:00,21.192325592041016,246590.0,0.9107706618273248,2025-04-23,15:24:00
2025-04-23 15:24:30,21.15035820007324,247047.0,0.910097699020834,2025-04-23,15:24:30
2025-04-23 15:25:00,21.188364028930664,246788.0,0.9111812947752728,2025-04-23,15:25:00
2025-04-23 15:26:00,21.14610481262207,247121.0,0.9123098477061844,2025-04-23,15:26:00
2025-04-23 15:26:30,21.207195281982425,249049.0,0.916911368345185,2025-04-23,15:26:30
2025-04-23 15:27:00,21.0531005859375,248718.0,0.9173048769087884,2025-04-23,15:27:00
2025-04-23 15:27:30,21.142562866210938,248406.0,0.9150067706697906,2025-04-23,15:27:30
2025-04-23 15:28:00,21.11871910095215,249299.0,0.9125460290654996,2025-04-23,15:28:00
2025-04-23 15:28:30,21.034868240356445,244572.0,0.9139597056286084,2025-04-23,15:28:30
2025-04-23 15:29:00,20.949996948242188,248834.0,0.9185766791314692,2025-04-23,15:29:00
2025-04-23 15:29:30,20.99061393737793,248466.0,0.9171612640160022,2025-04-23,15:29:30
2025-04-23 15:30:00,21.255971908569336,247682.0,0.9163775274343716,2025-04-23,15:30:00
2025-04-23 15:30:30,21.03013801574707,248622.0,0.916855268741302,2025-04-23,15:30:30
2025-04-23 15:31:00,21.03070068359375,248591.0,0.9169476670515022,2025-04-23,15:31:00
2025-04-23 15:31:30,21.008533477783203,248318.0,0.913376069193534,2025-04-23,15:31:30
2025-04-23 15:32:00,21.033126831054688,248321.0,0.9152164688044908,2025-04-23,15:32:00
2025-04-23 15:32:30,21.053863525390625,248161.0,0.9121626811827804,2025-04-23,15:32:30
2025-04-23 15:33:00,21.06440544128418,247873.0,0.9104644818112502,2025-04-23,15:33:00
2025-04-23 15:33:30,21.087432861328125,249046.0,0.9219872408109344,2025-04-23,15:33:30
2025-04-23 15:34:00,21.107765197753903,249126.0,0.919136175068038,2025-04-23,15:34:00
2025-04-23 15:34:30,21.18123245239257,248033.0,0.9157885493059392,2025-04-23,15:34:30
2025-04-23 15:35:00,21.15478134155273,248179.0,0.9205662797819316,2025-04-23,15:35:00
2025-04-23 15:35:30,21.216779708862305,248311.0,0.9212904885405802,2025-04-23,15:35:30
2025-04-23 15:36:00,21.11865234375,246836.0,0.9082786116085174,2025-04-23,15:36:00
2025-04-23 15:36:30,21.18768310546875,246638.0,0.9079989574801935,2025-04-23,15:36:30
2025-04-23 15:37:00,21.219825744628903,245986.0,0.9112535876025464,2025-04-23,15:37:00
2025-04-23 15:37:30,21.069318771362305,246045.0,0.9142704459550084,2025-04-23,15:37:30
2025-04-23 15:38:00,20.97907829284668,247681.0,0.9179930535648676,2025-04-23,15:38:00
2025-04-23 15:38:30,20.920944213867188,248523.0,0.9190570389863312,2025-04-23,15:38:30
2025-04-23 15:39:00,21.00586700439453,248348.0,0.9170443918412872,2025-04-23,15:39:00
2025-04-23 15:39:30,20.935121536254883,248519.0,0.9192531556943332,2025-04-23,15:39:30
2025-04-23 15:40:00,20.883485794067383,248566.0,0.919337130279282,2025-04-23,15:40:00
2025-04-23 15:40:30,20.95004653930664,248591.0,0.9200677518494234,2025-04-23,15:40:30
2025-04-23 15:41:00,21.0196590423584,248557.0,0.917727372393455,2025-04-23,15:41:00
2025-04-23 15:41:30,20.99786376953125,248535.0,0.9180414730319674,2025-04-23,15:41:30
2025-04-23 15:42:00,21.053773880004883,248496.0,0.917782693182184,2025-04-23,15:42:00
2025-04-23 15:42:30,21.04236602783203,248610.0,0.918016798399099,2025-04-23,15:42:30
2025-04-23 15:43:00,21.0242862701416,248158.0,0.9184759558426486,2025-04-23,15:43:00
2025-04-23 15:43:30,21.127227783203125,247901.0,0.9130138517997104,2025-04-23,15:43:30
2025-04-23 15:44:00,21.121959686279297,248410.0,0.9178217211464916,2025-04-23,15:44:00
2025-04-23 15:44:30,21.109712600708008,248954.0,0.9216798083180026,2025-04-23,15:44:30
2025-04-23 15:45:00,21.00839614868164,248564.0,0.9191947295263996,2025-04-23,15:45:00
2025-04-23 15:45:30,20.97134017944336,247060.0,0.916027483202461,2025-04-23,15:45:30
2025-04-23 15:46:00,21.01744842529297,247220.0,0.9161050253822506,2025-04-23,15:46:00
2025-04-23 15:46:30,21.500732421875,240534.0,0.9018992637215528,2025-04-23,15:46:30
2025-04-23 15:47:00,21.623027801513672,233258.0,0.8831221088880125,2025-04-23,15:47:00
2025-04-23 15:47:30,20.905839920043945,249848.0,0.9263647297556916,2025-04-23,15:47:30
2025-04-23 15:48:00,21.004913330078125,249950.0,0.9274174834966994,2025-04-23,15:48:00
2025-04-23 15:48:30,21.248729705810547,238934.0,0.8936631690132003,2025-04-23,15:48:30
2025-04-23 15:49:00,20.793127059936523,254099.0,0.9282898840609368,2025-04-23,15:49:00
2025-04-23 15:49:30,20.93583106994629,247516.0,0.911693082467396,2025-04-23,15:49:30
2025-04-23 15:50:00,20.71126174926757,251916.0,0.9282986441909208,2025-04-23,15:50:00
2025-04-23 15:50:30,20.81441116333008,248867.0,0.9227332018708788,2025-04-23,15:50:30
2025-04-23 15:51:00,20.865678787231445,251666.0,0.9207213752552988,2025-04-23,15:51:00
2025-04-23 15:51:30,20.75978660583496,251278.0,0.9204096160427891,2025-04-23,15:51:30
2025-04-23 15:52:00,20.771453857421875,251748.0,0.9216403903903904,2025-04-23,15:52:00
2025-04-23 15:52:30,20.7503719329834,250604.0,0.9266939199893058,2025-04-23,15:52:30
2025-04-23 15:53:00,20.75349235534668,249947.0,0.9234287668985826,2025-04-23,15:53:00
2025-04-23 15:53:30,20.832773208618164,246229.0,0.9158654773605058,2025-04-23,15:53:30
2025-04-23 15:54:00,20.69539260864257,251395.0,0.924065899779232,2025-04-23,15:54:00
2025-04-23 15:54:30,20.8195743560791,250862.0,0.9222759300930392,2025-04-23,15:54:30
2025-04-23 15:55:00,20.780174255371094,250302.0,0.9227168580354932,2025-04-23,15:55:00
2025-04-23 15:55:30,20.845645904541016,249389.0,0.919872856761926,2025-04-23,15:55:30
2025-04-23 15:56:00,20.89955139160156,250488.0,0.9238333023937274,2025-04-23,15:56:00
2025-04-23 15:56:30,21.71799087524414,252789.0,0.9102631666132625,2025-04-23,15:56:30
2025-04-23 15:57:00,20.85344314575196,249899.0,0.915909089772268,2025-04-23,15:57:00
2025-04-23 15:57:30,21.010990142822266,249718.0,0.9246551359934004,2025-04-23,15:57:30
2025-04-23 15:58:00,20.91045379638672,248937.0,0.9228179469102624,2025-04-23,15:58:00
2025-04-23 15:58:30,20.90851211547852,249098.0,0.9263412391910012,2025-04-23,15:58:30
2025-04-23 15:59:00,20.8660888671875,249426.0,0.9258996781610578,2025-04-23,15:59:00
2025-04-23 15:59:30,20.87223243713379,246517.0,0.9172489878994148,2025-04-23,15:59:30
2025-04-23 16:00:00,20.929582595825195,246103.0,0.9179500681625172,2025-04-23,16:00:00
2025-04-23 16:00:30,20.679407119750977,252316.0,0.9277006561216888,2025-04-23,16:00:30
2025-04-23 16:01:00,20.90586471557617,248040.0,0.9181764407958394,2025-04-23,16:01:00
2025-04-23 16:01:30,20.77792930603028,251589.0,0.9324512150769708,2025-04-23,16:01:30
2025-04-23 16:02:00,20.698156356811523,251167.0,0.9297535354963032,2025-04-23,16:02:00
2025-04-23 16:02:30,20.88276100158692,250061.0,0.9169197090909816,2025-04-23,16:02:30
2025-04-23 16:03:00,20.795413970947266,249152.0,0.9278692700640572,2025-04-23,16:03:00
2025-04-23 16:03:30,20.516307830810547,255457.0,0.9359688592404984,2025-04-23,16:03:30
2025-04-23 16:04:00,20.6394157409668,248218.0,0.9196641787662458,2025-04-23,16:04:00
2025-04-23 16:04:30,21.242042541503903,239373.0,0.9070368864700696,2025-04-23,16:04:30
2025-04-23 16:05:00,20.59365463256836,255524.0,0.9356736060017846,2025-04-23,16:05:00
2025-04-23 16:05:30,20.64891624450684,255755.0,0.934866681492053,2025-04-23,16:05:30
2025-04-23 16:06:00,20.592205047607425,255204.0,0.9357681746759456,2025-04-23,16:06:00
2025-04-23 16:06:30,20.65660858154297,255148.0,0.936122306955179,2025-04-23,16:06:30
2025-04-23 16:07:00,20.610782623291016,255379.0,0.9371487451004192,2025-04-23,16:07:00
2025-04-23 16:07:30,20.69996833801269,255191.0,0.9369813321198632,2025-04-23,16:07:30
2025-04-23 16:08:00,20.72348403930664,255579.0,0.9384326861753116,2025-04-23,16:08:00
2025-04-23 16:08:30,20.71970558166504,255559.0,0.938757353976968,2025-04-23,16:08:30
2025-04-23 16:09:00,20.778827667236328,255623.0,0.9388740938804412,2025-04-23,16:09:00
2025-04-23 16:09:30,20.643674850463867,255824.0,0.9418809415848396,2025-04-23,16:09:30
2025-04-23 16:10:00,20.58826065063477,255229.0,0.9412809183125742,2025-04-23,16:10:00
2025-04-23 16:10:30,20.4660873413086,255389.0,0.9409496395694412,2025-04-23,16:10:30
2025-04-23 16:11:00,20.51824951171875,255415.0,0.9409184562378874,2025-04-23,16:11:00
2025-04-23 16:11:30,20.4573974609375,255305.0,0.941771667711169,2025-04-23,16:11:30
2025-04-23 16:12:00,20.47924041748047,255490.0,0.9409258924028338,2025-04-23,16:12:00
2025-04-23 16:12:30,20.5048942565918,255602.0,0.9407193605683836,2025-04-23,16:12:30
2025-04-23 16:13:00,20.511070251464844,255643.0,0.9416651712544448,2025-04-23,16:13:00
2025-04-23 16:13:30,20.498443603515625,255857.0,0.9417291079587424,2025-04-23,16:13:30
2025-04-23 16:14:00,20.488534927368164,255641.0,0.9417021208452478,2025-04-23,16:14:00
2025-04-23 16:14:30,20.60383415222168,255812.0,0.940599321963004,2025-04-23,16:14:30
2025-04-23 16:15:00,20.651611328125,255844.0,0.9400906289574896,2025-04-23,16:15:00
2025-04-23 16:15:30,20.54043197631836,255142.0,0.9408197812394666,2025-04-23,16:15:30
2025-04-23 16:16:00,20.56170082092285,255248.0,0.9411402709325832,2025-04-23,16:16:00
2025-04-23 16:16:30,20.628395080566406,255181.0,0.9403053004534035,2025-04-23,16:16:30
2025-04-23 16:17:00,20.6928825378418,255030.0,0.9397687281888404,2025-04-23,16:17:00
2025-04-23 16:17:30,20.70111846923828,254915.0,0.9404996518447326,2025-04-23,16:17:30
2025-04-23 16:18:00,20.692773818969727,254849.0,0.9408098030598512,2025-04-23,16:18:00
2025-04-23 16:18:30,20.7238826751709,254864.0,0.9403992791253374,2025-04-23,16:18:30
2025-04-23 16:19:00,20.737462997436523,254977.0,0.9407132800213353,2025-04-23,16:19:00
2025-04-23 16:19:30,20.72245216369629,255008.0,0.9413195492886498,2025-04-23,16:19:30
2025-04-23 16:20:00,20.730318069458008,255058.0,0.9428762281520282,2025-04-23,16:20:00
2025-04-23 16:20:30,20.629846572875977,255037.0,0.9436396116053748,2025-04-23,16:20:30
2025-04-23 16:21:00,20.694808959960938,255299.0,0.943431892604358,2025-04-23,16:21:00
2025-04-23 16:21:30,20.608945846557617,254946.0,0.943776145242522,2025-04-23,16:21:30
2025-04-23 16:22:00,20.57805633544922,255229.0,0.9435524690571996,2025-04-23,16:22:00
2025-04-23 16:22:30,20.44714736938477,254961.0,0.9434518906813198,2025-04-23,16:22:30
2025-04-23 16:23:00,20.48027801513672,255143.0,0.942930839274446,2025-04-23,16:23:00
2025-04-23 16:23:30,20.55768585205078,255443.0,0.9429192618314066,2025-04-23,16:23:30
2025-04-23 16:24:00,20.447572708129883,255002.0,0.9425312105395252,2025-04-23,16:24:00
2025-04-23 16:24:30,20.515361785888672,255249.0,0.9420901869351104,2025-04-23,16:24:30
2025-04-23 16:25:00,20.55940055847168,255349.0,0.9422349411981248,2025-04-23,16:25:00
2025-04-23 16:25:30,20.52180290222168,255382.0,0.942678639254137,2025-04-23,16:25:30
2025-04-23 16:26:00,20.522565841674805,255106.0,0.9439922154908156,2025-04-23,16:26:00
2025-04-23 16:26:30,20.61969947814941,255347.0,0.942798182473262,2025-04-23,16:26:30
2025-04-23 16:27:00,20.634531021118164,255164.0,0.9433036816518005,2025-04-23,16:27:00
2025-04-23 16:27:30,20.661027908325195,255002.0,0.9429109869726512,2025-04-23,16:27:30
2025-04-23 16:28:00,20.68510055541992,254799.0,0.9428512768888416,2025-04-23,16:28:00
2025-04-23 16:28:30,20.6698055267334,254473.0,0.9426925327048448,2025-04-23,16:28:30
2025-04-23 16:29:00,20.719655990600582,254631.0,0.942235406333086,2025-04-23,16:29:00
2025-04-23 16:29:30,20.70183563232422,254636.0,0.94200066467428,2025-04-23,16:29:30
2025-04-23 16:30:00,20.70954322814941,254827.0,0.9430121955287312,2025-04-23,16:30:00
2025-04-23 16:30:30,20.678232192993164,254925.0,0.9437939467490438,2025-04-23,16:30:30
2025-04-23 16:31:00,20.685178756713867,254920.0,0.9449324175231444,2025-04-23,16:31:00
2025-04-23 16:31:30,20.56319808959961,254776.0,0.9463081662911734,2025-04-23,16:31:30
2025-04-23 16:32:00,20.47732353210449,254743.0,0.9457987437338808,2025-04-23,16:32:00
2025-04-23 16:32:30,20.452747344970703,254914.0,0.9458315476003673,2025-04-23,16:32:30
2025-04-23 16:33:00,20.467090606689453,255077.0,0.9462274504365348,2025-04-23,16:33:00
2025-04-23 16:33:30,20.37320137023925,254731.0,0.9463075141031126,2025-04-23,16:33:30
2025-04-23 16:34:00,20.356285095214844,254968.0,0.9467986546350916,2025-04-23,16:34:00
2025-04-23 16:34:30,20.41569900512696,255227.0,0.946029110850341,2025-04-23,16:34:30
2025-04-23 16:35:00,20.355710983276367,255131.0,0.9459730981338998,2025-04-23,16:35:00
2025-04-23 16:35:30,20.44636917114257,255538.0,0.9456416462522208,2025-04-23,16:35:30
2025-04-23 16:36:00,20.447311401367188,255614.0,0.9469396482587026,2025-04-23,16:36:00
2025-04-23 16:36:30,20.48365592956543,255249.0,0.9465551897362968,2025-04-23,16:36:30
2025-04-23 16:37:00,20.55468940734864,255266.0,0.946027624125422,2025-04-23,16:37:00
2025-04-23 16:37:30,20.56748580932617,255246.0,0.946115524337306,2025-04-23,16:37:30
2025-04-23 16:38:00,20.558406829833984,255313.0,0.9467005327774144,2025-04-23,16:38:00
2025-04-23 16:38:30,20.578554153442383,255190.0,0.9464403973509934,2025-04-23,16:38:30
2025-04-23 16:39:00,20.61397933959961,255008.0,0.9450605471200904,2025-04-23,16:39:00
2025-04-23 16:39:30,20.61206245422364,254920.0,0.9458838189431978,2025-04-23,16:39:30
2025-04-23 16:40:00,20.646318435668945,254971.0,0.9456055786736532,2025-04-23,16:40:00
2025-04-23 16:40:30,20.74180603027344,255407.0,0.9454236277784086,2025-04-23,16:40:30
2025-04-23 16:41:00,20.76454734802246,255308.0,0.9452170270810158,2025-04-23,16:41:00
2025-04-23 16:41:30,20.7019157409668,255374.0,0.9454114357765472,2025-04-23,16:41:30
2025-04-23 16:42:00,20.6527156829834,255368.0,0.9461481812521536,2025-04-23,16:42:00
2025-04-23 16:42:30,20.752830505371094,255481.0,0.9461868617431434,2025-04-23,16:42:30
2025-04-23 16:43:00,20.63308334350586,255444.0,0.9473390571906172,2025-04-23,16:43:00
2025-04-23 16:43:30,20.64823341369629,255620.0,0.9463078128667554,2025-04-23,16:43:30
2025-04-23 16:44:00,20.5420036315918,255358.0,0.9469056677292272,2025-04-23,16:44:00
2025-04-23 16:44:30,20.542978286743164,255622.0,0.94733330611215,2025-04-23,16:44:30
2025-04-23 16:45:00,20.52670669555664,255704.0,0.946029332255264,2025-04-23,16:45:00
2025-04-23 16:45:30,20.50859260559082,255706.0,0.9458131359842944,2025-04-23,16:45:30
2025-04-23 16:46:00,20.34324836730957,255503.0,0.9476338095834492,2025-04-23,16:46:00
2025-04-23 16:46:30,20.468955993652344,255755.0,0.9470780752086958,2025-04-23,16:46:30
2025-04-23 16:47:00,20.528949737548828,255763.0,0.9463383826042078,2025-04-23,16:47:00
2025-04-23 16:47:30,20.572689056396484,255937.0,0.9462644249366056,2025-04-23,16:47:30
2025-04-23 16:48:00,20.51546287536621,255899.0,0.9469269980539196,2025-04-23,16:48:00
2025-04-23 16:48:30,20.53992080688477,255789.0,0.9467135876640512,2025-04-23,16:48:30
2025-04-23 16:49:00,20.70486068725586,255915.0,0.9449702537952054,2025-04-23,16:49:00
2025-04-23 16:49:30,20.679662704467773,255656.0,0.9461295769510591,2025-04-23,16:49:30
2025-04-23 16:50:00,20.598262786865234,255349.0,0.9472166647411974,2025-04-23,16:50:00
2025-04-23 16:50:30,20.63899803161621,255504.0,0.9478715352792912,2025-04-23,16:50:30
2025-04-23 16:51:00,20.606380462646484,255296.0,0.947619258625282,2025-04-23,16:51:00
2025-04-23 16:51:30,20.62652587890625,255390.0,0.9468882762637536,2025-04-23,16:51:30
2025-04-23 16:52:00,20.62162208557129,255434.0,0.9481433437796064,2025-04-23,16:52:00
2025-04-23 16:52:30,20.602481842041016,255816.0,0.9488052447853144,2025-04-23,16:52:30
2025-04-23 16:53:00,20.603715896606445,255733.0,0.9484241132352884,2025-04-23,16:53:00
2025-04-23 16:53:30,20.528125762939453,255206.0,0.948427997872307,2025-04-23,16:53:30
2025-04-23 16:54:00,20.59306907653809,255566.0,0.9484820579615442,2025-04-23,16:54:00
2025-04-23 16:54:30,20.52384757995605,255299.0,0.9485368748996276,2025-04-23,16:54:30
2025-04-23 16:55:00,20.548315048217773,255294.0,0.9480706557929288,2025-04-23,16:55:00
2025-04-23 16:55:30,20.57383155822754,255256.0,0.948828088272166,2025-04-23,16:55:30
2025-04-23 16:56:00,20.711254119873047,255637.0,0.946912516576239,2025-04-23,16:56:00
2025-04-23 16:56:30,20.59756088256836,255217.0,0.9482052895183316,2025-04-23,16:56:30
2025-04-23 16:57:00,20.614057540893555,255458.0,0.9478312604224568,2025-04-23,16:57:00
2025-04-23 16:57:30,20.62353706359864,255611.0,0.9481532118140455,2025-04-23,16:57:30
2025-04-23 16:58:00,20.634462356567383,255682.0,0.9478456759764082,2025-04-23,16:58:00
2025-04-23 16:58:30,20.57575798034668,255656.0,0.9482029196459304,2025-04-23,16:58:30
2025-04-23 16:59:00,20.56987762451172,255797.0,0.9485736614385626,2025-04-23,16:59:00
2025-04-23 16:59:30,20.537113189697266,255607.0,0.9493947251053376,2025-04-23,16:59:30
2025-04-23 17:00:00,20.565895080566406,255856.0,0.9495762508989432,2025-04-23,17:00:00
2025-04-23 17:00:30,20.55046272277832,256063.0,0.9497426536633564,2025-04-23,17:00:30
2025-04-23 17:01:00,20.57031440734864,256048.0,0.94945753579407,2025-04-23,17:01:00
2025-04-23 17:01:30,20.52362823486328,255922.0,0.9503679343706284,2025-04-23,17:01:30
2025-04-23 17:02:00,20.599788665771484,256150.0,0.9495886199492484,2025-04-23,17:02:00
2025-04-23 17:02:30,20.53493309020996,255636.0,0.9499201256865232,2025-04-23,17:02:30
2025-04-23 17:03:00,20.6589412689209,255851.0,0.9494212451778574,2025-04-23,17:03:00
2025-04-23 17:03:30,20.601694107055664,256044.0,0.950088229464467,2025-04-23,17:03:30
2025-04-23 17:04:00,20.613100051879883,255787.0,0.949941748407855,2025-04-23,17:04:00
2025-04-23 17:04:30,20.631237030029297,255835.0,0.9495509190493872,2025-04-23,17:04:30
2025-04-23 17:05:00,20.67292594909668,255984.0,0.949747286451497,2025-04-23,17:05:00
2025-04-23 17:05:30,20.640281677246094,255770.0,0.9492541516792432,2025-04-23,17:05:30
2025-04-23 17:06:00,20.6364688873291,255605.0,0.949273842941257,2025-04-23,17:06:00
2025-04-23 17:06:30,20.624755859375,256007.0,0.949942958102708,2025-04-23,17:06:30
2025-04-23 17:07:00,20.59253120422364,255839.0,0.9492388890083217,2025-04-23,17:07:00
2025-04-23 17:07:30,20.587486267089844,256227.0,0.9492422124717536,2025-04-23,17:07:30
2025-04-23 17:08:00,20.577600479125977,256416.0,0.9496078881583052,2025-04-23,17:08:00
2025-04-23 17:08:30,20.585329055786133,256327.0,0.9506834775501606,2025-04-23,17:08:30
2025-04-23 17:09:00,20.462305068969727,256004.0,0.950410747976594,2025-04-23,17:09:00
2025-04-23 17:09:30,20.556039810180664,256251.0,0.9496478794229096,2025-04-23,17:09:30
2025-04-23 17:10:00,20.484769821166992,256447.0,0.950913163831123,2025-04-23,17:10:00
2025-04-23 17:10:30,20.49150848388672,256424.0,0.9499208342432846,2025-04-23,17:10:30
2025-04-23 17:11:00,20.565092086791992,256471.0,0.9504006422753448,2025-04-23,17:11:00
2025-04-23 17:11:30,20.58245086669922,256619.0,0.9502837864694352,2025-04-23,17:11:30
2025-04-23 17:12:00,20.58701705932617,256688.0,0.950540089038054,2025-04-23,17:12:00
2025-04-23 17:12:30,20.56377410888672,256419.0,0.9502788892398768,2025-04-23,17:12:30
2025-04-23 17:13:00,20.61330986022949,256477.0,0.9493689370781786,2025-04-23,17:13:00
2025-04-23 17:13:30,20.56292152404785,256629.0,0.9495794512701214,2025-04-23,17:13:30
2025-04-23 17:14:00,20.548967361450195,256528.0,0.9499547807646728,2025-04-23,17:14:00
2025-04-23 17:14:30,20.5683822631836,256696.0,0.9499587425398136,2025-04-23,17:14:30
2025-04-23 17:15:00,20.54801368713379,256350.0,0.9510210649502632,2025-04-23,17:15:00
2025-04-23 17:15:30,20.55398941040039,256500.0,0.9511368786549708,2025-04-23,17:15:30
2025-04-23 17:16:00,20.563459396362305,256491.0,0.9511250516587326,2025-04-23,17:16:00
2025-04-23 17:16:30,20.56977081298828,256197.0,0.950401265920366,2025-04-23,17:16:30
2025-04-23 17:17:00,20.52290153503418,256334.0,0.9510803044075308,2025-04-23,17:17:00
2025-04-23 17:17:30,20.529083251953125,255845.0,0.9507666384920558,2025-04-23,17:17:30
2025-04-23 17:18:00,20.54166984558105,256277.0,0.9515460809982949,2025-04-23,17:18:00
2025-04-23 17:18:30,20.53009033203125,256336.0,0.9512982350313652,2025-04-23,17:18:30
2025-04-23 17:19:00,20.47492790222168,256514.0,0.952235063193432,2025-04-23,17:19:00
2025-04-23 17:19:30,20.55414390563965,256109.0,0.9506842667575134,2025-04-23,17:19:30
2025-04-23 17:20:00,20.55793190002441,256352.0,0.9499255418331044,2025-04-23,17:20:00
2025-04-23 17:20:30,21.24660873413086,238850.0,0.9082287523550344,2025-04-23,17:20:30
2025-04-23 17:21:00,21.2365665435791,242553.0,0.9167860349078346,2025-04-23,17:21:00
2025-04-23 17:21:30,20.936681747436523,253530.0,0.9409926833116397,2025-04-23,17:21:30
2025-04-23 17:22:00,21.35390281677246,247809.0,0.9276946912743282,2025-04-23,17:22:00
2025-04-23 17:22:30,20.8863525390625,245910.0,0.933543077243707,2025-04-23,17:22:30
2025-04-23 17:23:00,20.637008666992188,255451.0,0.951667345205147,2025-04-23,17:23:00
2025-04-23 17:23:30,20.635406494140625,255681.0,0.9523315919055384,2025-04-23,17:23:30
2025-04-23 17:24:00,21.853599548339844,233549.0,0.9036897101892964,2025-04-23,17:24:00
2025-04-23 17:24:30,20.647686004638672,255911.0,0.9516653250544136,2025-04-23,17:24:30
2025-04-23 17:25:00,20.657676696777344,256124.0,0.9519089752424608,2025-04-23,17:25:00
2025-04-23 17:25:30,20.65682411193848,255878.0,0.9518118742134924,2025-04-23,17:25:30
2025-04-23 17:26:00,20.6680850982666,255923.0,0.9520218850005666,2025-04-23,17:26:00
2025-04-23 17:26:30,20.643695831298828,255762.0,0.9518093847991492,2025-04-23,17:26:30
2025-04-23 17:27:00,20.692785263061523,255653.0,0.9512433601405028,2025-04-23,17:27:00
2025-04-23 17:27:30,20.63818359375,255774.0,0.9521157472026084,2025-04-23,17:27:30
2025-04-23 17:28:00,20.590707778930664,255293.0,0.9527777274543368,2025-04-23,17:28:00
2025-04-23 17:28:30,20.66381072998047,255614.0,0.951703728571205,2025-04-23,17:28:30
2025-04-23 17:29:00,20.92340850830078,249131.0,0.9255059963432892,2025-04-23,17:29:00
2025-04-23 17:29:30,21.09103775024414,254762.0,0.9426701440952732,2025-04-23,17:29:30
2025-04-23 17:30:00,21.08877182006836,255241.0,0.9410535655517728,2025-04-23,17:30:00
2025-04-23 17:30:30,21.034500122070312,255321.0,0.9417362726724398,2025-04-23,17:30:30
2025-04-23 17:31:00,21.28742218017578,241193.0,0.9185740905623296,2025-04-23,17:31:00
2025-04-23 17:31:30,20.993803024291992,247161.0,0.925521661487856,2025-04-23,17:31:30
2025-04-23 17:32:00,21.16120338439941,253739.0,0.9375153947560289,2025-04-23,17:32:00
2025-04-23 17:32:30,21.18111991882324,246503.0,0.9269818724315728,2025-04-23,17:32:30
2025-04-23 17:33:00,21.4112548828125,243425.0,0.9288928828181164,2025-04-23,17:33:00
2025-04-23 17:33:30,21.15068244934082,253974.0,0.9266473881184688,2025-04-23,17:33:30
2025-04-23 17:34:00,21.16773223876953,254179.0,0.9225786133984318,2025-04-23,17:34:00
2025-04-23 17:34:30,21.2246322631836,254786.0,0.9360631323934596,2025-04-23,17:34:30
2025-04-23 17:35:00,21.078218460083008,255052.0,0.939844007300472,2025-04-23,17:35:00
2025-04-23 17:35:30,21.510887145996094,245324.0,0.9238319783225448,2025-04-23,17:35:30
2025-04-23 17:36:00,20.78781509399414,249944.0,0.9342206404234548,2025-04-23,17:36:00
2025-04-23 17:36:30,21.063840866088867,246142.0,0.922370648853101,2025-04-23,17:36:30
2025-04-23 17:37:00,21.20024681091309,246639.0,0.9269089261025224,2025-04-23,17:37:00
2025-04-23 17:37:30,21.62555885314941,244834.0,0.928657018633033,2025-04-23,17:37:30
2025-04-23 17:38:00,20.978553771972656,255125.0,0.939999203821656,2025-04-23,17:38:00
2025-04-23 17:38:30,20.99904441833496,254850.0,0.9375169830292328,2025-04-23,17:38:30
2025-04-23 17:39:00,20.79756736755371,254567.0,0.9455301182989154,2025-04-23,17:39:00
2025-04-23 17:39:30,20.69720458984375,254613.0,0.9471979288174602,2025-04-23,17:39:30
2025-04-23 17:40:00,20.69876289367676,254890.0,0.9472499166307036,2025-04-23,17:40:00
2025-04-23 17:40:30,20.875612258911133,254301.0,0.9453119777350464,2025-04-23,17:40:30
2025-04-23 17:41:00,20.84287071228028,254409.0,0.9445019510905668,2025-04-23,17:41:00
2025-04-23 17:41:30,20.800933837890625,254792.0,0.9472657476490628,2025-04-23,17:41:30
2025-04-23 17:42:00,20.747249603271484,254407.0,0.946948197180109,2025-04-23,17:42:00
2025-04-23 17:42:30,21.467079162597656,254798.0,0.9321299985674928,2025-04-23,17:42:30
2025-04-23 17:43:00,21.231958389282227,253566.0,0.920924433875204,2025-04-23,17:43:00
2025-04-23 17:43:30,21.53352737426757,249295.0,0.9228535720732466,2025-04-23,17:43:30
2025-04-23 17:44:00,20.95567321777344,255450.0,0.9418283299080056,2025-04-23,17:44:00
2025-04-23 17:44:30,21.068254470825195,255069.0,0.9376817522905568,2025-04-23,17:44:30
2025-04-23 17:45:00,20.693756103515625,255574.0,0.94759932543999,2025-04-23,17:45:00
2025-04-23 17:45:30,20.75867080688477,255451.0,0.9482920648186932,2025-04-23,17:45:30
2025-04-23 17:46:00,20.7959041595459,250972.0,0.9324087323486284,2025-04-23,17:46:00
2025-04-23 17:46:30,20.93342018127441,250351.0,0.9279094026986112,2025-04-23,17:46:30
2025-04-23 17:47:00,21.07570457458496,255345.0,0.9376081257710156,2025-04-23,17:47:00
2025-04-23 17:47:30,20.816490173339844,250914.0,0.9342820149533306,2025-04-23,17:47:30
2025-04-23 17:48:00,20.98886108398437,250557.0,0.9284764170428286,2025-04-23,17:48:00
2025-04-23 17:48:30,21.29867172241211,251903.0,0.9221820998558968,2025-04-23,17:48:30
2025-04-23 17:49:00,21.498714447021484,248739.0,0.9283974617973056,2025-04-23,17:49:00
2025-04-23 17:49:30,21.375560760498047,247453.0,0.9307304063802015,2025-04-23,17:49:30
2025-04-23 17:50:00,21.39192008972168,246502.0,0.9323164720773056,2025-04-23,17:50:00
2025-04-23 17:50:30,21.46639633178711,248034.0,0.9289682185708412,2025-04-23,17:50:30
2025-04-23 17:51:00,21.18416786193848,252477.0,0.9283193370089156,2025-04-23,17:51:00
2025-04-23 17:51:30,21.17436790466309,250936.0,0.9292705610195428,2025-04-23,17:51:30
2025-04-23 17:52:00,21.26572608947754,246536.0,0.934920698701204,2025-04-23,17:52:00
2025-04-23 17:52:30,21.12571144104004,254856.0,0.9309515103627146,2025-04-23,17:52:30
2025-04-23 17:53:00,21.3571834564209,248461.0,0.9356872154986094,2025-04-23,17:53:00
2025-04-23 17:53:30,21.17627143859864,254463.0,0.933829955140826,2025-04-23,17:53:30
2025-04-23 17:54:00,21.20953750610352,251304.0,0.934458427342979,2025-04-23,17:54:00
2025-04-23 17:54:30,21.24584197998047,251050.0,0.9346463602867956,2025-04-23,17:54:30
2025-04-23 17:55:00,21.64134979248047,251823.0,0.9228092499493692,2025-04-23,17:55:00
2025-04-23 17:55:30,21.66847038269043,249637.0,0.926317325256272,2025-04-23,17:55:30
2025-04-23 17:56:00,21.28681373596192,249592.0,0.93255111091301,2025-04-23,17:56:00
2025-04-23 17:56:30,21.1850643157959,249841.0,0.9340244770674148,2025-04-23,17:56:30
2025-04-23 17:57:00,21.23371315002441,250617.0,0.9313973737815072,2025-04-23,17:57:00
2025-04-23 17:57:30,21.25141143798828,250773.0,0.932633173228378,2025-04-23,17:57:30
2025-04-23 17:58:00,21.20204734802246,254145.0,0.9332460922898346,2025-04-23,17:58:00
2025-04-23 17:58:30,21.085613250732425,251475.0,0.9343520727706532,2025-04-23,17:58:30
2025-04-23 17:59:00,21.142635345458984,250628.0,0.9337585859321385,2025-04-23,17:59:00
2025-04-23 17:59:30,21.13814163208008,250249.0,0.9376860022417672,2025-04-23,17:59:30
2025-04-23 18:00:00,21.145830154418945,251209.0,0.9351298993069516,2025-04-23,18:00:00
2025-04-23 18:00:30,20.87698745727539,255043.0,0.9385082245935,2025-04-23,18:00:30
2025-04-23 18:01:00,21.161191940307617,254906.0,0.9336898945101332,2025-04-23,18:01:00
2025-04-23 18:01:30,20.98366928100586,247884.0,0.924127565716222,2025-04-23,18:01:30
2025-04-23 18:02:00,20.70272254943848,256119.0,0.9450417823355548,2025-04-23,18:02:00
2025-04-23 18:02:30,20.71937370300293,256496.0,0.9436805301057326,2025-04-23,18:02:30
2025-04-23 18:03:00,20.713621139526367,255751.0,0.943771725232746,2025-04-23,18:03:00
2025-04-23 18:03:30,20.6657772064209,255856.0,0.9441217667359764,2025-04-23,18:03:30
2025-04-23 18:04:00,20.67603302001953,255692.0,0.9438447917807362,2025-04-23,18:04:00
2025-04-23 18:04:30,20.69087791442871,255818.0,0.944977300756788,2025-04-23,18:04:30
2025-04-23 18:05:00,20.678926467895508,255387.0,0.944114777279188,2025-04-23,18:05:00
2025-04-23 18:05:30,20.693613052368164,255497.0,0.944660492588954,2025-04-23,18:05:30
2025-04-23 18:06:00,20.60376739501953,255691.0,0.9451697190163126,2025-04-23,18:06:00
2025-04-23 18:06:30,20.62118148803711,255534.0,0.9440958077007364,2025-04-23,18:06:30
2025-04-23 18:07:00,20.73186111450196,249942.0,0.9187217684502804,2025-04-23,18:07:00
2025-04-23 18:07:30,20.671287536621094,256099.0,0.944657022284351,2025-04-23,18:07:30
2025-04-23 18:08:00,20.607759475708008,256145.0,0.9454180005465654,2025-04-23,18:08:00
2025-04-23 18:08:30,21.13995742797852,254681.0,0.9264924184568146,2025-04-23,18:08:30
2025-04-23 18:09:00,20.99734306335449,255984.0,0.9378311364186824,2025-04-23,18:09:00
2025-04-23 18:09:30,20.766571044921875,255090.0,0.9411773785722686,2025-04-23,18:09:30
2025-04-23 18:10:00,20.656658172607425,255584.0,0.945194999491361,2025-04-23,18:10:00
2025-04-23 18:10:30,20.678998947143555,255782.0,0.9451824454027258,2025-04-23,18:10:30
2025-04-23 18:11:00,20.966110229492188,257219.0,0.9436361257333246,2025-04-23,18:11:00
2025-04-23 18:11:30,20.61642265319824,255401.0,0.945603739315821,2025-04-23,18:11:30
2025-04-23 18:12:00,20.98810577392578,239235.0,0.9207174692248208,2025-04-23,18:12:00
2025-04-23 18:12:30,21.121315002441406,253847.0,0.9331286414651344,2025-04-23,18:12:30
2025-04-23 18:13:00,20.95491981506348,253993.0,0.936173068745989,2025-04-23,18:13:00
2025-04-23 18:13:30,20.509552001953125,256292.0,0.9454021804231112,2025-04-23,18:13:30
2025-04-23 18:14:00,20.784996032714844,254269.0,0.9366682037527184,2025-04-23,18:14:00
2025-04-23 18:14:30,21.33988380432129,233470.0,0.9027670177110548,2025-04-23,18:14:30
2025-04-23 18:15:00,20.4642333984375,256213.0,0.9445315640697388,2025-04-23,18:15:00
2025-04-23 18:15:30,20.87925720214844,247834.0,0.9228387877571278,2025-04-23,18:15:30
2025-04-23 18:16:00,20.698789596557617,254725.0,0.9370225856315636,2025-04-23,18:16:00
2025-04-23 18:16:30,20.80742454528809,244530.0,0.9179391332351858,2025-04-23,18:16:30
2025-04-23 18:17:00,20.87415313720703,242424.0,0.9241609612703364,2025-04-23,18:17:00
2025-04-23 18:17:30,20.75886344909668,247340.0,0.925405691558179,2025-04-23,18:17:30
2025-04-23 18:18:00,20.793346405029297,247928.0,0.928690486754219,2025-04-23,18:18:00
2025-04-23 18:18:30,21.15256690979004,241746.0,0.921751355244761,2025-04-23,18:18:30
2025-04-23 18:19:00,20.97343063354492,248049.0,0.9263019856963745,2025-04-23,18:19:00
2025-04-23 18:19:30,20.40214157104492,257113.0,0.9468126003936012,2025-04-23,18:19:30
2025-04-23 18:20:00,21.30976295471192,239108.0,0.9074702252747712,2025-04-23,18:20:00
2025-04-23 18:20:30,20.601036071777344,248529.0,0.9248558518321806,2025-04-23,18:20:30
2025-04-23 18:21:00,20.467023849487305,256681.0,0.9486486266026702,2025-04-23,18:21:00
2025-04-23 18:21:30,20.51255226135254,256490.0,0.9482720452064408,2025-04-23,18:21:30
2025-04-23 18:22:00,20.591264724731445,256458.0,0.94796412814184,2025-04-23,18:22:00
2025-04-23 18:22:30,20.57864761352539,256281.0,0.9477614415426816,2025-04-23,18:22:30
2025-04-23 18:23:00,20.53619384765625,256789.0,0.9489018707966462,2025-04-23,18:23:00
2025-04-23 18:23:30,20.535961151123047,256828.0,0.9483010638442848,2025-04-23,18:23:30
2025-04-23 18:24:00,20.55492782592773,256572.0,0.9479699533659168,2025-04-23,18:24:00
2025-04-23 18:24:30,20.56016540527344,256943.0,0.9495412163398108,2025-04-23,18:24:30
2025-04-23 18:25:00,20.57366943359375,256750.0,0.9490505111976631,2025-04-23,18:25:00
2025-04-23 18:25:30,20.56825256347656,256908.0,0.9497306063843868,2025-04-23,18:25:30
2025-04-23 18:26:00,20.565614700317383,256911.0,0.9502229127985956,2025-04-23,18:26:00
2025-04-23 18:26:30,20.51786994934082,257016.0,0.9517848596974507,2025-04-23,18:26:30
2025-04-23 18:27:00,20.463010787963867,256803.0,0.9521351848498656,2025-04-23,18:27:00
2025-04-23 18:27:30,20.54634094238281,257190.0,0.952709268925697,2025-04-23,18:27:30
2025-04-23 18:28:00,20.585731506347656,257093.0,0.9530227145429864,2025-04-23,18:28:00
2025-04-23 18:28:30,20.54834747314453,257130.0,0.953582696495936,2025-04-23,18:28:30
2025-04-23 18:29:00,20.57161521911621,257096.0,0.9531439010136292,2025-04-23,18:29:00
2025-04-23 18:29:30,20.559797286987305,257180.0,0.953716268761179,2025-04-23,18:29:30
2025-04-23 18:30:00,20.51779556274414,257432.0,0.9549462333742504,2025-04-23,18:30:00
2025-04-23 18:30:30,20.506086349487305,257307.0,0.9552869359364494,2025-04-23,18:30:30
2025-04-23 18:31:00,20.43985939025879,257068.0,0.9559112277685282,2025-04-23,18:31:00
2025-04-23 18:31:30,20.55817031860352,257435.0,0.9559698928855828,2025-04-23,18:31:30
2025-04-23 18:32:00,20.554418563842773,257181.0,0.955141332855071,2025-04-23,18:32:00
2025-04-23 18:32:30,20.574302673339844,257333.0,0.9557309983562154,2025-04-23,18:32:30
2025-04-23 18:33:00,20.531681060791016,257267.0,0.9557441174927216,2025-04-23,18:33:00
2025-04-23 18:33:30,20.54652214050293,257244.0,0.9554394976170484,2025-04-23,18:33:30
2025-04-23 18:34:00,20.64713478088379,257484.0,0.9550993338421028,2025-04-23,18:34:00
2025-04-23 18:34:30,20.61341667175293,257575.0,0.9559926113753276,2025-04-23,18:34:30
2025-04-23 18:35:00,20.56658363342285,257244.0,0.955762695145465,2025-04-23,18:35:00
2025-04-23 18:35:30,20.652603149414062,257564.0,0.956097137507571,2025-04-23,18:35:30
2025-04-23 18:36:00,20.649093627929688,257550.0,0.9557672053970104,2025-04-23,18:36:00
2025-04-23 18:36:30,20.63197326660156,257316.0,0.9559471622440888,2025-04-23,18:36:30
2025-04-23 18:37:00,20.637357711791992,257378.0,0.9559871570219676,2025-04-23,18:37:00
2025-04-23 18:37:30,20.6406192779541,257617.0,0.956000756452408,2025-04-23,18:37:30
2025-04-23 18:38:00,20.56422996520996,257103.0,0.9565027197271132,2025-04-23,18:38:00
2025-04-23 18:38:30,20.533203125,257333.0,0.9570213376247896,2025-04-23,18:38:30
2025-04-23 18:39:00,20.52975273132324,257487.0,0.9562942133971812,2025-04-23,18:39:00
2025-04-23 18:39:30,20.579805374145508,257562.0,0.9569889361590608,2025-04-23,18:39:30
2025-04-23 18:40:00,20.5535945892334,257597.0,0.9566475201574552,2025-04-23,18:40:00
2025-04-23 18:40:30,20.56190490722656,257613.0,0.9563385169808976,2025-04-23,18:40:30
2025-04-23 18:41:00,20.62519073486328,257936.0,0.9572456927299796,2025-04-23,18:41:00
2025-04-23 18:41:30,20.560665130615234,257649.0,0.9571009153926466,2025-04-23,18:41:30
2025-04-23 18:42:00,20.633174896240234,258083.0,0.956930280181182,2025-04-23,18:42:00
2025-04-23 18:42:30,20.519981384277344,257712.0,0.9580236368504376,2025-04-23,18:42:30
2025-04-23 18:43:00,20.550800323486328,257632.0,0.9578000306638926,2025-04-23,18:43:00
2025-04-23 18:43:30,20.617938995361328,257955.0,0.9567271302165108,2025-04-23,18:43:30
2025-04-23 18:44:00,20.64761734008789,258069.0,0.9581806973135092,2025-04-23,18:44:00
2025-04-23 18:44:30,20.65262031555176,257781.0,0.9574401332914372,2025-04-23,18:44:30
2025-04-23 18:45:00,20.65030860900879,257658.0,0.95725183673707,2025-04-23,18:45:00
2025-04-23 18:45:30,20.52764320373535,257615.0,0.9585560696193932,2025-04-23,18:45:30
2025-04-23 18:46:00,20.65810203552246,257905.0,0.9577521277214478,2025-04-23,18:46:00
2025-04-23 18:46:30,20.65300750732422,257666.0,0.957300160382045,2025-04-23,18:46:30
2025-04-23 18:47:00,20.542356491088867,257395.0,0.9586965680180268,2025-04-23,18:47:00
2025-04-23 18:47:30,20.58870506286621,257358.0,0.957753401875986,2025-04-23,18:47:30
2025-04-23 18:48:00,20.648117065429688,257572.0,0.9580003358284286,2025-04-23,18:48:00
2025-04-23 18:48:30,20.623682022094727,257550.0,0.9575015166957872,2025-04-23,18:48:30
2025-04-23 18:49:00,20.67305564880371,257866.0,0.9577253786850536,2025-04-23,18:49:00
2025-04-23 18:49:30,20.669321060180664,257795.0,0.9576717328691402,2025-04-23,18:49:30
2025-04-23 18:50:00,20.57998847961425,257637.0,0.9584193312684124,2025-04-23,18:50:00
2025-04-23 18:50:30,20.674360275268555,258084.0,0.9575077784752252,2025-04-23,18:50:30
2025-04-23 18:51:00,20.561298370361328,257765.0,0.9584939891955851,2025-04-23,18:51:00
2025-04-23 18:51:30,20.54880714416504,257758.0,0.9584817687520852,2025-04-23,18:51:30
2025-04-23 18:52:00,20.622089385986328,258143.0,0.9588266605137462,2025-04-23,18:52:00
2025-04-23 18:52:30,20.556406021118164,257879.0,0.9587764513589708,2025-04-23,18:52:30
2025-04-23 18:53:00,20.634746551513672,258333.0,0.9585764788083596,2025-04-23,18:53:00
2025-04-23 18:53:30,20.53211212158203,257961.0,0.9587825897131736,2025-04-23,18:53:30
2025-04-23 18:54:00,20.58722877502441,258148.0,0.9587077955281468,2025-04-23,18:54:00
2025-04-23 18:54:30,20.533634185791016,257898.0,0.9590887191835532,2025-04-23,18:54:30
2025-04-23 18:55:00,20.409500122070312,257616.0,0.9596723539104716,2025-04-23,18:55:00
2025-04-23 18:55:30,20.39810371398925,257513.0,0.9593431933533452,2025-04-23,18:55:30
2025-04-23 18:56:00,20.39901351928711,257530.0,0.9588637124800994,2025-04-23,18:56:00
2025-04-23 18:56:30,20.35348129272461,257441.0,0.9587588758200908,2025-04-23,18:56:30
2025-04-23 18:57:00,20.459423065185547,257596.0,0.9566185397871084,2025-04-23,18:57:00
2025-04-23 18:57:30,20.305084228515625,257338.0,0.9573609173538304,2025-04-23,18:57:30
2025-04-23 18:58:00,20.37854766845703,257482.0,0.956649396851042,2025-04-23,18:58:00
2025-04-23 18:58:30,20.2750244140625,257201.0,0.9576974817360742,2025-04-23,18:58:30
2025-04-23 18:59:00,20.2610092163086,257027.0,0.957516379602143,2025-04-23,18:59:00
2025-04-23 18:59:30,20.259660720825195,257124.0,0.9569167624375788,2025-04-23,18:59:30
2025-04-23 19:00:00,20.268085479736328,257825.0,0.9586140065936196,2025-04-23,19:00:00
2025-04-23 19:00:30,20.417957305908203,258253.0,0.9586746088138376,2025-04-23,19:00:30
2025-04-23 19:01:00,20.240631103515625,257722.0,0.9603609945988312,2025-04-23,19:01:00
2025-04-23 19:01:30,20.388256072998047,257830.0,0.9596655863359578,2025-04-23,19:01:30
2025-04-23 19:02:00,20.433395385742188,257809.0,0.9598657581775656,2025-04-23,19:02:00
2025-04-23 19:02:30,20.56161117553711,258129.0,0.9594339216050888,2025-04-23,19:02:30
2025-04-23 19:03:00,20.466154098510746,258201.0,0.9602719877149972,2025-04-23,19:03:00
2025-04-23 19:03:30,20.50067901611328,258211.0,0.9604578474580866,2025-04-23,19:03:30
2025-04-23 19:04:00,20.49558448791504,258431.0,0.9610320307935194,2025-04-23,19:04:00
2025-04-23 19:04:30,20.43288993835449,258054.0,0.9608660517759848,2025-04-23,19:04:30
2025-04-23 19:05:00,20.40484046936035,258092.0,0.96025617802954,2025-04-23,19:05:00
2025-04-23 19:05:30,20.48950958251953,258339.0,0.9608504353775466,2025-04-23,19:05:30
2025-04-23 19:06:00,20.36945152282715,258225.0,0.9609450334011036,2025-04-23,19:06:00
2025-04-23 19:06:30,20.39436721801757,258209.0,0.9603206607825444,2025-04-23,19:06:30
2025-04-23 19:07:00,20.46512031555176,258393.0,0.9607424543234532,2025-04-23,19:07:00
2025-04-23 19:07:30,20.427244186401367,257928.0,0.9601880175863032,2025-04-23,19:07:30
2025-04-23 19:08:00,20.600811004638672,258140.0,0.9589788365809252,2025-04-23,19:08:00
2025-04-23 19:08:30,20.51380920410156,257727.0,0.959745801759226,2025-04-23,19:08:30
2025-04-23 19:09:00,20.49115562438965,257889.0,0.9605214719317224,2025-04-23,19:09:00
2025-04-23 19:09:30,20.596168518066406,257815.0,0.9589754887225336,2025-04-23,19:09:30
2025-04-23 19:10:00,20.49661636352539,257749.0,0.9602346299112704,2025-04-23,19:10:00
2025-04-23 19:10:30,20.618581771850582,258107.0,0.9593390531833696,2025-04-23,19:10:30
2025-04-23 19:11:00,20.60118103027344,257893.0,0.9584020189574746,2025-04-23,19:11:00
2025-04-23 19:11:30,20.483198165893555,257515.0,0.9586171557967496,2025-04-23,19:11:30
2025-04-23 19:12:00,20.3682861328125,257447.0,0.9585235626167716,2025-04-23,19:12:00
2025-04-23 19:12:30,20.392906188964844,257396.0,0.9574583642519696,2025-04-23,19:12:30
2025-04-23 19:13:00,20.33269500732422,257421.0,0.9580417997171948,2025-04-23,19:13:00
2025-04-23 19:13:30,20.34676170349121,257476.0,0.9568828745203436,2025-04-23,19:13:30
2025-04-23 19:14:00,20.42642974853516,257849.0,0.9568415041361416,2025-04-23,19:14:00
2025-04-23 19:14:30,20.338319778442383,257710.0,0.9565050104768926,2025-04-23,19:14:30
2025-04-23 19:15:00,20.42768859863281,257826.0,0.9567683243738024,2025-04-23,19:15:00
2025-04-23 19:15:30,20.3281478881836,257787.0,0.9565415197430436,2025-04-23,19:15:30
2025-04-23 19:16:00,20.299184799194336,257735.0,0.9568595771819892,2025-04-23,19:16:00
2025-04-23 19:16:30,20.31319236755371,257926.0,0.9580385944030458,2025-04-23,19:16:30
2025-04-23 19:17:00,20.400341033935547,258182.0,0.9581856258375876,2025-04-23,19:17:00
2025-04-23 19:17:30,20.39468002319336,258304.0,0.9582492310417184,2025-04-23,19:17:30
2025-04-23 19:18:00,20.31183624267578,258109.0,0.9592918471459732,2025-04-23,19:18:00
2025-04-23 19:18:30,20.34405517578125,258064.0,0.9584064539222829,2025-04-23,19:18:30
2025-04-23 19:19:00,20.50545692443848,257910.0,0.9565040857275794,2025-04-23,19:19:00
2025-04-23 19:19:30,20.47864151000977,257723.0,0.9575810923937716,2025-04-23,19:19:30
2025-04-23 19:20:00,20.540817260742188,257869.0,0.9576295885701654,2025-04-23,19:20:00
2025-04-23 19:20:30,20.494007110595703,257628.0,0.9576863855054576,2025-04-23,19:20:30
2025-04-23 19:21:00,20.48369789123535,257445.0,0.9581514983782944,2025-04-23,19:21:00
2025-04-23 19:21:30,20.556331634521484,257687.0,0.9573654884608072,2025-04-23,19:21:30
2025-04-23 19:22:00,20.631406784057617,257959.0,0.957346661678794,2025-04-23,19:22:00
2025-04-23 19:22:30,20.525775909423828,257954.0,0.9584763659412144,2025-04-23,19:22:30
2025-04-23 19:23:00,20.48006820678711,257805.0,0.9590754155272396,2025-04-23,19:23:00
2025-04-23 19:23:30,20.525672912597656,257949.0,0.958572903461537,2025-04-23,19:23:30
2025-04-23 19:24:00,20.50275611877441,257934.0,0.9594766732962696,2025-04-23,19:24:00
2025-04-23 19:24:30,20.51261329650879,257915.0,0.9584765087334974,2025-04-23,19:24:30
2025-04-23 19:25:00,20.5041618347168,258038.0,0.9590351639099668,2025-04-23,19:25:00
2025-04-23 19:25:30,20.50922966003418,258031.0,0.9595448923772724,2025-04-23,19:25:30
2025-04-23 19:26:00,20.54133415222168,258288.0,0.9599424261870472,2025-04-23,19:26:00
2025-04-23 19:26:30,20.51445198059082,258156.0,0.9600408159213808,2025-04-23,19:26:30
2025-04-23 19:27:00,20.394886016845703,257993.0,0.9610565378711824,2025-04-23,19:27:00
2025-04-23 19:27:30,20.53570556640625,257993.0,0.960028590892001,2025-04-23,19:27:30
2025-04-23 19:28:00,20.51532936096192,257985.0,0.9596953311239026,2025-04-23,19:28:00
2025-04-23 19:28:30,20.40116500854492,257904.0,0.9609537366617036,2025-04-23,19:28:30
2025-04-23 19:29:00,20.495264053344727,257956.0,0.9599458095566684,2025-04-23,19:29:00
2025-04-23 19:29:30,20.4108829498291,257855.0,0.9605672883015648,2025-04-23,19:29:30
2025-04-23 19:30:00,20.527687072753903,258139.0,0.9596146601249714,2025-04-23,19:30:00
2025-04-23 19:30:30,20.511394500732425,257711.0,0.9593982576413114,2025-04-23,19:30:30
2025-04-23 19:31:00,20.498868942260746,257614.0,0.959982340342528,2025-04-23,19:31:00
2025-04-23 19:31:30,20.58170509338379,257812.0,0.9590621630296496,2025-04-23,19:31:30
2025-04-23 19:32:00,20.42741775512696,257412.0,0.9598660780188958,2025-04-23,19:32:00
2025-04-23 19:32:30,20.52173042297364,257529.0,0.9587432386255528,2025-04-23,19:32:30
2025-04-23 19:33:00,20.50746726989746,257514.0,0.9589300241928594,2025-04-23,19:33:00
2025-04-23 19:33:30,20.52067375183105,257607.0,0.9587158200281825,2025-04-23,19:33:30
2025-04-23 19:34:00,20.45329475402832,257487.0,0.959697661920796,2025-04-23,19:34:00
2025-04-23 19:34:30,20.44551086425781,257599.0,0.9595037369127986,2025-04-23,19:34:30
2025-04-23 19:35:00,20.520341873168945,257746.0,0.9590548325677216,2025-04-23,19:35:00
2025-04-23 19:35:30,20.51994705200196,258195.0,0.959857072658262,2025-04-23,19:35:30
2025-04-23 19:36:00,20.529935836791992,258214.0,0.9602183169773908,2025-04-23,19:36:00
2025-04-23 19:36:30,20.53177261352539,258117.0,0.959719332705711,2025-04-23,19:36:30
2025-04-23 19:37:00,20.511608123779297,258186.0,0.959590905393786,2025-04-23,19:37:00
2025-04-23 19:37:30,20.49732780456543,257965.0,0.9603396415211366,2025-04-23,19:37:30
2025-04-23 19:38:00,20.493144989013672,257831.0,0.9598496689692084,2025-04-23,19:38:00
2025-04-23 19:38:30,20.498624801635746,258113.0,0.9603720681445724,2025-04-23,19:38:30
2025-04-23 19:39:00,20.51202964782715,257854.0,0.9602575488454708,2025-04-23,19:39:00
2025-04-23 19:39:30,20.603099822998047,258318.0,0.9604307360501396,2025-04-23,19:39:30
2025-04-23 19:40:00,20.61026382446289,257999.0,0.9600280064070016,2025-04-23,19:40:00
2025-04-23 19:40:30,20.60099220275879,257836.0,0.9600161900394047,2025-04-23,19:40:30
2025-04-23 19:41:00,20.60277938842773,257871.0,0.95963837054186,2025-04-23,19:41:00
2025-04-23 19:41:30,20.59201431274414,257876.0,0.959409088573578,2025-04-23,19:41:30
2025-04-23 19:42:00,20.614652633666992,257647.0,0.958417670300838,2025-04-23,19:42:00
2025-04-23 19:42:30,20.609474182128903,257801.0,0.958706097435619,2025-04-23,19:42:30
2025-04-23 19:43:00,20.57106208801269,257662.0,0.9596863453865916,2025-04-23,19:43:00
2025-04-23 19:43:30,20.59921646118164,257675.0,0.9589513194916076,2025-04-23,19:43:30
2025-04-23 19:44:00,20.599510192871094,257767.0,0.959131029670206,2025-04-23,19:44:00
2025-04-23 19:44:30,20.62342643737793,257843.0,0.95885656436281,2025-04-23,19:44:30
2025-04-23 19:45:00,20.65659141540528,257561.0,0.9577487226326968,2025-04-23,19:45:00
2025-04-23 19:45:30,20.59202003479004,257941.0,0.9590497439336902,2025-04-23,19:45:30
2025-04-23 19:46:00,20.628721237182617,257897.0,0.9583377763215548,2025-04-23,19:46:00
2025-04-23 19:46:30,20.570924758911133,258128.0,0.9596985313487882,2025-04-23,19:46:30
2025-04-23 19:47:00,20.639204025268555,258045.0,0.9589387267724622,2025-04-23,19:47:00
2025-04-23 19:47:30,20.62790298461914,258437.0,0.9593352901287354,2025-04-23,19:47:30
2025-04-23 19:48:00,20.634370803833008,258293.0,0.959585323160132,2025-04-23,19:48:00
2025-04-23 19:48:30,20.513477325439453,258052.0,0.9593552123215476,2025-04-23,19:48:30
2025-04-23 19:49:00,20.58618927001953,258316.0,0.9604283730972916,2025-04-23,19:49:00
2025-04-23 19:49:30,20.53205108642578,257742.0,0.9590779005749936,2025-04-23,19:49:30
2025-04-23 19:50:00,20.60186004638672,258255.0,0.9591892581944202,2025-04-23,19:50:00
2025-04-23 19:50:30,20.59883499145508,258024.0,0.9587471150939448,2025-04-23,19:50:30
2025-04-23 19:51:00,20.61261558532715,257878.0,0.9587740496475078,2025-04-23,19:51:00
2025-04-23 19:51:30,20.623655319213867,257717.0,0.9577277352677548,2025-04-23,19:51:30
2025-04-23 19:52:00,20.652862548828125,258323.0,0.9599500915520492,2025-04-23,19:52:00
2025-04-23 19:52:30,20.601179122924805,258160.0,0.9598609510574836,2025-04-23,19:52:30
2025-04-23 19:53:00,20.50711250305176,257715.0,0.9600098461478764,2025-04-23,19:53:00
2025-04-23 19:53:30,20.35370826721192,257637.0,0.9600224225363592,2025-04-23,19:53:30
2025-04-23 19:54:00,20.387157440185547,257573.0,0.9592550582747416,2025-04-23,19:54:00
2025-04-23 19:54:30,20.271015167236328,257338.0,0.959341410907056,2025-04-23,19:54:30
2025-04-23 19:55:00,20.319067001342773,257182.0,0.9582573090262928,2025-04-23,19:55:00
2025-04-23 19:55:30,20.22587203979492,257464.0,0.9602378269389118,2025-04-23,19:55:30
2025-04-23 19:56:00,20.28248405456543,257546.0,0.9584367331467,2025-04-23,19:56:00
2025-04-23 19:56:30,20.256458282470703,257581.0,0.9595231694107872,2025-04-23,19:56:30
2025-04-23 19:57:00,20.30133819580078,257464.0,0.9580985108597708,2025-04-23,19:57:00
2025-04-23 19:57:30,20.233198165893555,257646.0,0.9594586055091094,2025-04-23,19:57:30
2025-04-23 19:58:00,20.242843627929688,257722.0,0.9586383292850436,2025-04-23,19:58:00
2025-04-23 19:58:30,20.25003433227539,257635.0,0.959434252915947,2025-04-23,19:58:30
2025-04-23 19:59:00,20.277517318725582,257772.0,0.9592429913838586,2025-04-23,19:59:00
2025-04-23 19:59:30,20.3154239654541,258020.0,0.960681887547477,2025-04-23,19:59:30
2025-04-23 20:00:00,20.35976791381836,257918.0,0.9594132752463962,2025-04-23,20:00:00
2025-04-23 20:00:30,20.39378929138184,257746.0,0.959109270851924,2025-04-23,20:00:30
2025-04-23 20:01:00,20.398515701293945,257418.0,0.9584774933182606,2025-04-23,20:01:00
2025-04-23 20:01:30,20.53567886352539,257891.0,0.9578067260005196,2025-04-23,20:01:30
2025-04-23 20:02:00,20.481164932250977,258022.0,0.9587676874452566,2025-04-23,20:02:00
2025-04-23 20:02:30,20.48507308959961,258175.0,0.9593854096058876,2025-04-23,20:02:30
2025-04-23 20:03:00,20.51618194580078,257964.0,0.9574232620636988,2025-04-23,20:03:00
2025-04-23 20:03:30,20.4940185546875,258235.0,0.9587985507386684,2025-04-23,20:03:30
2025-04-23 20:04:00,20.42142868041992,257807.0,0.959116764187939,2025-04-23,20:04:00
2025-04-23 20:04:30,20.42920112609864,257726.0,0.9589131844478244,2025-04-23,20:04:30
2025-04-23 20:05:00,20.54119300842285,258013.0,0.9586255707076776,2025-04-23,20:05:00
2025-04-23 20:05:30,20.517520904541016,258037.0,0.958976692296066,2025-04-23,20:05:30
2025-04-23 20:06:00,20.47618865966797,257812.0,0.9588967687694908,2025-04-23,20:06:00
2025-04-23 20:06:30,20.4066104888916,257153.0,0.958437134215817,2025-04-23,20:06:30
2025-04-23 20:07:00,20.54624366760254,257868.0,0.9591752127057254,2025-04-23,20:07:00
2025-04-23 20:07:30,20.466672897338867,257826.0,0.9601059677844748,2025-04-23,20:07:30
2025-04-23 20:08:00,20.523653030395508,257956.0,0.9599988709314768,2025-04-23,20:08:00
2025-04-23 20:08:30,20.43328666687012,257852.0,0.9603534076718429,2025-04-23,20:08:30
2025-04-23 20:09:00,20.36230659484864,257806.0,0.9606173707167404,2025-04-23,20:09:00
2025-04-23 20:09:30,20.357236862182617,257760.0,0.9610758311995656,2025-04-23,20:09:30
2025-04-23 20:10:00,20.40057373046875,257605.0,0.9601936588963724,2025-04-23,20:10:00
2025-04-23 20:10:30,20.372482299804688,257797.0,0.9598531620810172,2025-04-23,20:10:30
2025-04-23 20:11:00,20.362525939941406,257836.0,0.96024780529096,2025-04-23,20:11:00
2025-04-23 20:11:30,20.31719398498535,257777.0,0.9610194809855028,2025-04-23,20:11:30
2025-04-23 20:12:00,20.437442779541016,258127.0,0.9609981835491832,2025-04-23,20:12:00
2025-04-23 20:12:30,20.425439834594727,258092.0,0.9609145551779984,2025-04-23,20:12:30
2025-04-23 20:13:00,20.44061088562012,258043.0,0.9613640580252129,2025-04-23,20:13:00
2025-04-23 20:13:30,20.444923400878903,258063.0,0.9607230114351922,2025-04-23,20:13:30
2025-04-23 20:14:00,20.43027305603028,258174.0,0.9613802125698172,2025-04-23,20:14:00
2025-04-23 20:14:30,20.410852432250977,258102.0,0.9615536565970044,2025-04-23,20:14:30
2025-04-23 20:15:00,20.421037673950195,257914.0,0.9606004811681412,2025-04-23,20:15:00
2025-04-23 20:15:30,20.438232421875,257861.0,0.9604776774114736,2025-04-23,20:15:30
2025-04-23 20:16:00,20.457883834838867,257913.0,0.9603815046158976,2025-04-23,20:16:00
2025-04-23 20:16:30,20.416858673095703,257831.0,0.9615428808017656,2025-04-23,20:16:30
2025-04-23 20:17:00,20.44226455688477,257737.0,0.960711767227833,2025-04-23,20:17:00
2025-04-23 20:17:30,20.44601058959961,257743.0,0.9604932287200816,2025-04-23,20:17:30
2025-04-23 20:18:00,20.43107795715332,257927.0,0.960539525233884,2025-04-23,20:18:00
2025-04-23 20:18:30,20.45014381408692,257645.0,0.9597086106852452,2025-04-23,20:18:30
2025-04-23 20:19:00,20.455427169799805,257596.0,0.9592807754196494,2025-04-23,20:19:00
2025-04-23 20:19:30,20.46466636657715,257607.0,0.9597531317083776,2025-04-23,20:19:30
2025-04-23 20:20:00,20.46681022644043,257494.0,0.9597301296340884,2025-04-23,20:20:00
2025-04-23 20:20:30,20.45474433898925,257484.0,0.959656049016638,2025-04-23,20:20:30
2025-04-23 20:21:00,20.462127685546875,257640.0,0.9599347078287532,2025-04-23,20:21:00
2025-04-23 20:21:30,20.450660705566406,257580.0,0.9594998398555789,2025-04-23,20:21:30
2025-04-23 20:22:00,20.439353942871094,257477.0,0.9600495869533978,2025-04-23,20:22:00
2025-04-23 20:22:30,20.482391357421875,257847.0,0.959929543973752,2025-04-23,20:22:30
2025-04-23 20:23:00,20.46003532409668,257888.0,0.9602518826001986,2025-04-23,20:23:00
2025-04-23 20:23:30,20.452980041503903,258130.0,0.9610620738581336,2025-04-23,20:23:30
2025-04-23 20:24:00,20.465576171875,258021.0,0.9612446758209604,2025-04-23,20:24:00
2025-04-23 20:24:30,20.457950592041016,258006.0,0.9605269596443492,2025-04-23,20:24:30
2025-04-23 20:25:00,20.46862030029297,257979.0,0.9615006817415372,2025-04-23,20:25:00
2025-04-23 20:25:30,20.441251754760746,258093.0,0.961274194282681,2025-04-23,20:25:30
2025-04-23 20:26:00,20.52129173278809,258285.0,0.960671109433378,2025-04-23,20:26:00
2025-04-23 20:26:30,20.54032325744629,258359.0,0.9612398590720664,2025-04-23,20:26:30
2025-04-23 20:27:00,20.49700736999512,258386.0,0.9613225223115804,2025-04-23,20:27:00
2025-04-23 20:27:30,20.507143020629883,258094.0,0.960614640402334,2025-04-23,20:27:30
2025-04-23 20:28:00,20.506147384643555,258324.0,0.9611429106470945,2025-04-23,20:28:00
2025-04-23 20:28:30,20.50706672668457,257923.0,0.9605806529468096,2025-04-23,20:28:30
2025-04-23 20:29:00,20.50430679321289,258165.0,0.961164432146108,2025-04-23,20:29:00
